rank,name,profile,uid,changesets,map_changes,countries,editors,nodes.create,nodes.modify,nodes.delete,ways.create,ways.modify,ways.delete,relations.create,relations.modify,relations.delete,poi.create,poi.modify,building.create,building.modify,highway.create,highway.modify,waterway.create,waterway.modify,amenity.create,amenity.modify,tags_create,tags_modify,hashtags,start_date,end_date
1,Norbert Dichter,https://www.openstreetmap.org/user/Norbert%20Dichter,2916048,42,18442,Kenya,"JOSM/1.5 (18907 en),iD 2.21.1",12913,2668,101,2647,97,15,0,0,1,0,0,2647.0,94.0,0.0,2.0,0.0,0.0,0.0,0.0,"{""building"": 2647, ""source"": 43, ""construction"": 24}","{""building"": 94, ""highway"": 2, ""name"": 2, ""ref"": 1, ""source"": 1, ""motor_vehicle"": 1, ""oneway"": 1, ""surface"": 1, ""construction"": 1, ""landuse"": 1}","#hotosm-project-15732,#msf,#missingmaps,#homabay2023",2024-01-01 00:00:00+00:00,2024-01-03 00:00:00+00:00
2,koos krijnders,https://www.openstreetmap.org/user/koos%20krijnders,58337,10,17267,Timor-Leste,"JOSM/1.5 (18822 en_GB),JOSM/1.5 (18907 en_GB)",3592,11383,1173,777,108,234,0,0,0,0,8,769.0,50.0,8.0,34.0,0.0,11.0,0.0,1.0,"{""building"": 769, ""highway"": 8, ""name"": 2, ""surface"": 2, ""source"": 1}","{""building"": 50, ""highway"": 34, ""source"": 16, ""surface"": 14, ""name"": 11, ""waterway"": 11, ""landuse"": 10, ""ford"": 7, ""residential"": 4, ""place"": 1, ""addr:full"": 1, ""amenity"": 1, ""capacity:persons"": 1, ""denomination"": 1, ""evacuation_centre"": 1, ""religion"": 1, ""toilets:wheelchair"": 1, ""wheelchair:description"": 1, ""service"": 1, ""natural"": 1, ""water"": 1}","#hotosm-project-15404,#missingmaps,#Timor,#Avans2023211",2024-01-01 00:00:00+00:00,2024-01-03 00:00:00+00:00
3,Michel Bouillot,https://www.openstreetmap.org/user/Michel%20Bouillot,4942074,43,14320,"India,Kenya",JOSM/1.5 (18907 fr),5184,6331,1116,1156,374,159,0,0,0,0,1,1152.0,316.0,4.0,54.0,0.0,0.0,0.0,0.0,"{""building"": 1152, ""highway"": 4}","{""building"": 316, ""highway"": 54, ""landuse"": 2, ""layer"": 2, ""ford"": 1, ""name"": 1, ""ref"": 1, ""source"": 1}","#hotosm-project-15647,#OSMNorthEastIndia,#GREdFoundation,#hotosm-project-13532",2024-01-01 00:00:00+00:00,2024-01-03 00:00:00+00:00
4,TeBaMa,https://www.openstreetmap.org/user/TeBaMa,6519568,21,12083,"Kenya,Ecuador","JOSM/1.5 (18822 en),iD 2.21.1",4938,3247,2722,829,155,192,0,0,0,2,2,814.0,74.0,15.0,76.0,0.0,3.0,0.0,0.0,"{""building"": 814, ""highway"": 15, ""surface"": 9, ""ford"": 2}","{""highway"": 76, ""building"": 74, ""surface"": 44, ""source"": 10, ""intermittent"": 3, ""waterway"": 3, ""ford"": 2, ""landuse"": 2, ""name"": 2, ""ref"": 2}","#hotosm-project-15508,#krcs-elnino-mapping,#hotosm-project-14991,#hotosm-project-13532",2024-01-01 00:00:00+00:00,2024-01-03 00:00:00+00:00
5,mepng,https://www.openstreetmap.org/user/mepng,14587553,9,11794,Chad,JOSM/1.5 (18907 en),3656,3700,3419,578,43,398,0,0,0,0,0,578.0,36.0,0.0,5.0,0.0,0.0,0.0,0.0,"{""building"": 578}","{""building"": 36, ""highway"": 5, ""landuse"": 2, ""source"": 1, ""surface"": 1}","#hotosm-project-15708,#msf,#missingmaps,#Moissala2023",2024-01-01 00:00:00+00:00,2024-01-03 00:00:00+00:00
6,Hannah2912,https://www.openstreetmap.org/user/Hannah2912,19917164,64,10732,Kenya,iD 2.21.1,7799,851,383,1586,28,85,0,0,0,0,0,1586.0,11.0,0.0,9.0,0.0,0.0,0.0,0.0,"{""building"": 1586}","{""building"": 11, ""highway"": 9, ""landuse"": 5, ""surface"": 1}","#hotosm-project-15732,#msf,#missingmaps,#homabay2023,#hotosm-project-15737,#hotosm-project-15738,#hotosm-project-15736",2024-01-01 00:00:00+00:00,2024-01-03 00:00:00+00:00
7,Hessel54,https://www.openstreetmap.org/user/Hessel54,6520685,32,10672,Democratic Republic of the Congo,JOSM/1.5 (18822 nl),4872,972,2954,1157,13,704,0,0,0,0,2,1157.0,7.0,0.0,8.0,0.0,0.0,0.0,0.0,"{""building"": 1157}","{""highway"": 8, ""building"": 7, ""alt_name"": 2, ""date"": 2, ""health_facility:type"": 2, ""is_in:health_level6"": 2, ""is_in:health_level8"": 2, ""name"": 2, ""snis_code:as"": 2, ""snis_code:zs"": 2, ""surface"": 1}","#hotosm-project-14967,#msf,#missingmaps,#masisi23",2024-01-01 00:00:00+00:00,2024-01-03 00:00:00+00:00
8,Waldh√ºter,https://www.openstreetmap.org/user/Waldh%C3%BCter,12388248,46,10572,"Morocco,Timor-Leste",iD 2.21.1,7706,376,793,1515,64,118,0,0,0,0,2,1306.0,4.0,42.0,58.0,0.0,0.0,0.0,1.0,"{""building"": 1306, ""barrier"": 134, ""highway"": 42, ""attraction"": 32, ""natural"": 1}","{""highway"": 58, ""building"": 4, ""name"": 3, ""place"": 3, ""amenity"": 1, ""religion"": 1, ""name:ar"": 1, ""name:ber"": 1, ""name:en"": 1, ""name:fr"": 1, ""name:zgh"": 1, ""natural"": 1, ""source"": 1, ""wikidata"": 1, ""wikipedia"": 1, ""landuse"": 1, ""surface"": 1}","#hotosm-project-15690,#APHub,#TongaMapping,#hotosm-project-15477,#moroccoearthquake2023,#hotosm-project-13093,#omhaptimorleste,#timorlestemapping,#wvtl,#baucau",2024-01-01 00:00:00+00:00,2024-01-03 00:00:00+00:00
9,RoijDor,https://www.openstreetmap.org/user/RoijDor,10514559,26,10169,Sudan,"JOSM/1.5 (18907 nl),iD 2.21.1",7337,834,477,1428,8,85,0,0,0,0,1,1428.0,1.0,0.0,2.0,0.0,3.0,0.0,0.0,"{""building"": 1428}","{""intermittent"": 3, ""waterway"": 3, ""landuse"": 2, ""highway"": 2, ""ford"": 1, ""surface"": 1, ""building"": 1}","#hotosm-project-15815,#msf,#missingmaps,#WestDarfur2023",2024-01-01 00:00:00+00:00,2024-01-03 00:00:00+00:00
10,Frans S,https://www.openstreetmap.org/user/Frans%20S,1962399,42,7980,"Malawi,Kenya",JOSM/1.5 (18907 en),2178,4609,520,357,199,117,0,0,0,0,2,352.0,82.0,5.0,109.0,0.0,1.0,0.0,1.0,"{""building"": 352, ""highway"": 5, ""bicycle"": 1, ""foot"": 1, ""horse"": 1, ""lanes"": 1, ""maxspeed"": 1, ""name"": 1, ""oneway"": 1, ""ref"": 1, ""source"": 1, ""surface"": 1}","{""highway"": 109, ""building"": 82, ""surface"": 48, ""landuse"": 8, ""name"": 2, ""railway"": 1, ""layer"": 1, ""waterway"": 1, ""bicycle"": 1, ""foot"": 1, ""horse"": 1, ""lanes"": 1, ""maxspeed"": 1, ""oneway"": 1, ""ref"": 1, ""source"": 1, ""amenity"": 1, ""religion"": 1}","#hotosm-project-14937,#901,#902,#903,#904,#905,#1164,#1225,#1226,#hotosm-project-15732,#msf,#missingmaps,#homabay2023,#1282,#1283,#1284,#1338,#1339,#1340,#hotosm-project-15738,#891,#892,#894,#1247,#1248,#1249,#1250,#homabay2023t,#1210,#1211,#1212,#1213,#hotosm-project-15736,#1243,#1244,#1245,#1246",2024-01-01 00:00:00+00:00,2024-01-03 00:00:00+00:00
11,Gunjan Adhikari,https://www.openstreetmap.org/user/Gunjan%20Adhikari,20717595,13,6497,Nepal,JOSM/1.5 (18822 en),2896,3216,69,152,153,11,0,0,0,0,5,63.0,86.0,24.0,30.0,0.0,1.0,0.0,2.0,"{""building"": 63, ""landuse"": 35, ""natural"": 30, ""highway"": 24, ""water"": 12, ""noname"": 4, ""man_made"": 1}","{""building"": 86, ""highway"": 30, ""landuse"": 22, ""name"": 20, ""ref:old"": 9, ""ref"": 7, ""surface"": 6, ""natural"": 4, ""admin_level"": 3, ""boundary"": 3, ""noname"": 3, ""contact:phone"": 3, ""ford"": 2, ""amenity"": 2, ""lanes"": 2, ""water"": 2, ""man_made"": 2, ""industrial"": 2, ""office"": 1, ""phone"": 1, ""wheelchair"": 1, ""intermittent"": 1, ""waterway"": 1, ""bicycle"": 1, ""foot"": 1, ""horse"": 1, ""oneway"": 1, ""opening_hours"": 1, ""smoothness"": 1}","#hotosm-project-15841,#NepalgunjSM,#GreenShiftNepal,#EU,#YI-Lab,#WasteFellowship2023",2024-01-01 00:00:00+00:00,2024-01-03 00:00:00+00:00
12,haabee,https://www.openstreetmap.org/user/haabee,6518397,41,6072,Morocco,JOSM/1.5 (18907 nl),3296,546,1191,742,55,242,0,0,0,0,0,728.0,21.0,14.0,28.0,0.0,0.0,0.0,0.0,"{""building"": 728, ""highway"": 14}","{""highway"": 28, ""building"": 21, ""landuse"": 5, ""lanes"": 1, ""maxspeed"": 1, ""old_ref"": 1, ""oneway"": 1, ""ref"": 1, ""surface"": 1, ""loc_name:ar"": 1, ""name"": 1, ""name:ar"": 1, ""natural"": 1}","#hotosm-project-15478,#moroccoearthquake2023",2024-01-01 00:00:00+00:00,2024-01-03 00:00:00+00:00
13,swise,https://www.openstreetmap.org/user/swise,817699,6,5138,Chad,JOSM/1.5 (17833 en_GB),2009,1053,1586,314,15,161,0,0,0,0,1,311.0,5.0,3.0,9.0,0.0,0.0,0.0,0.0,"{""building"": 311, ""highway"": 3, ""surface"": 3}","{""highway"": 9, ""building"": 5, ""surface"": 2, ""GNS:dsg_code"": 1, ""GNS:dsg_name"": 1, ""GNS:id"": 1, ""GNS:modify_date"": 1, ""name"": 1, ""place"": 1, ""source"": 1, ""landuse"": 1}","#hotosm-project-15708,#msf,#missingmaps,#Moissala2023,#mmlondon",2024-01-01 00:00:00+00:00,2024-01-03 00:00:00+00:00
14,nakyoung0423,https://www.openstreetmap.org/user/nakyoung0423,11391982,51,5003,"Chad,Morocco,Kenya,Democratic Republic of the Congo,Nigeria",iD 2.21.1,2281,1428,697,430,21,146,0,0,0,0,0,430.0,21.0,0.0,0.0,0.0,0.0,0.0,0.0,"{""building"": 430}","{""building"": 21, ""source"": 1}","#hotosm-project-15186,#Ndjamena,#msf,#missingmaps,#Ndjamena2023,#Msft,#24VR,#hotosm-project-15476,#moroccoearthquake2023,#hotosm-project-15732,#homabay2023,#hotosm-project-14967,#masisi23,#hotosm-project-11109,#NigeriaFloods2021,#GRMI",2024-01-01 00:00:00+00:00,2024-01-03 00:00:00+00:00
15,ca90024,https://www.openstreetmap.org/user/ca90024,20669721,15,4983,Japan,iD 2.21.1,2726,229,1182,522,69,255,0,0,0,0,0,331.0,13.0,0.0,31.0,0.0,2.0,0.0,0.0,"{""building"": 331, ""landuse"": 191, ""layer"": 1}","{""source"": 33, ""highway"": 31, ""landuse"": 15, ""building"": 13, ""building:levels"": 4, ""building:levels:underground"": 4, ""ele"": 4, ""height"": 4, ""admin_level"": 3, ""boundary"": 3, ""name"": 2, ""note"": 2, ""note:ja"": 2, ""source_ref"": 2, ""waterway"": 2, ""layer"": 1, ""name:ja"": 1, ""leisure"": 1, ""route"": 1, ""intermittent"": 1, ""natural"": 1, ""water"": 1}","#hotosm-project-15347,#YouthMappersAGU,#FuruhashiLab,#DRONEBIRD",2024-01-01 00:00:00+00:00,2024-01-03 00:00:00+00:00
16,Geo_Rich,https://www.openstreetmap.org/user/Geo_Rich,20355784,19,4970,Sudan,iD 2.21.1,4315,245,26,370,12,2,0,0,0,0,0,370.0,3.0,0.0,0.0,0.0,0.0,0.0,0.0,"{""building"": 370}","{""landuse"": 5, ""natural"": 4, ""building"": 3, ""source"": 2, ""water"": 2, ""crop"": 1}","#hotosm-project-15815,#msf,#missingmaps,#WestDarfur2023",2024-01-01 00:00:00+00:00,2024-01-03 00:00:00+00:00
17,lucianmanescu,https://www.openstreetmap.org/user/lucianmanescu,2187843,12,4942,Nepal,iD 2.21.1,625,2796,1177,99,114,123,2,6,0,0,2,77.0,21.0,12.0,48.0,0.0,7.0,0.0,1.0,"{""building"": 77, ""highway"": 12, ""ref"": 4, ""ref:old"": 4, ""bridge"": 3, ""layer"": 3, ""surface"": 2, ""landuse"": 2, ""type"": 2, ""natural"": 1, ""water"": 1}","{""highway"": 48, ""building"": 21, ""landuse"": 16, ""natural"": 12, ""ref:old"": 8, ""ref"": 7, ""waterway"": 7, ""type"": 6, ""name"": 4, ""water"": 4, ""surface"": 3, ""layer"": 3, ""route"": 3, ""bridge"": 2, ""network"": 2, ""amenity"": 1, ""ford"": 1, ""oneway"": 1, ""tunnel"": 1, ""access_status"": 1, ""condition"": 1, ""lanes"": 1, ""maxspeed"": 1, ""project:url"": 1, ""source"": 1, ""start_chainage"": 1, ""survey:date"": 1, ""survey:year"": 1, ""width"": 1, ""width:ROW"": 1, ""width:shoulder"": 1, ""distance"": 1, ""note"": 1}","#hotosm-project-8942,#KLL,#covid_19,#mappingtheunmapped,#mapforcause,#osmnepal,#covid19-nepal",2024-01-01 00:00:00+00:00,2024-01-03 00:00:00+00:00
18,Libor Bednarik,https://www.openstreetmap.org/user/Libor%20Bednarik,4355439,36,4745,Sudan,JOSM/1.5 (18907 cs),3449,687,22,555,30,2,0,0,0,0,0,554.0,0.0,0.0,17.0,1.0,6.0,0.0,0.0,"{""building"": 554, ""waterway"": 1}","{""highway"": 17, ""source"": 10, ""intermittent"": 6, ""waterway"": 6, ""natural"": 5, ""water"": 4, ""surface"": 2, ""landuse"": 2}","#hotosm-project-15815,#msf,#missingmaps,#WestDarfur2023",2024-01-01 00:00:00+00:00,2024-01-03 00:00:00+00:00
19,Stuart Ward,https://www.openstreetmap.org/user/Stuart%20Ward,14841,3,4574,Chad,JOSM/1.5 (18907 en_GB),1575,1294,1288,253,2,162,0,0,0,0,0,253.0,1.0,0.0,0.0,0.0,0.0,0.0,0.0,"{""building"": 253, ""source"": 42}","{""landuse"": 1, ""building"": 1}","#hotosm-project-15708,#msf,#missingmaps,#Moissala2023,#mmlondon",2024-01-01 00:00:00+00:00,2024-01-03 00:00:00+00:00
20,Safrano,https://www.openstreetmap.org/user/Safrano,6522497,14,4286,Botswana,iD 2.21.1,791,2970,272,159,50,44,0,0,0,0,0,159.0,50.0,0.0,0.0,0.0,0.0,0.0,0.0,"{""building"": 159, ""source"": 2}","{""building"": 50, ""source"": 39}","#hotosm-project-9869,#covid19,#COVBots",2024-01-01 00:00:00+00:00,2024-01-03 00:00:00+00:00
21,Marvin de Hont,https://www.openstreetmap.org/user/Marvin%20de%20Hont,6616734,19,4271,"South Africa,Nepal",JOSM/1.5 (18906 nl),2094,1493,145,404,108,27,0,0,0,0,2,403.0,81.0,1.0,11.0,0.0,0.0,0.0,0.0,"{""building"": 403, ""highway"": 1}","{""building"": 81, ""landuse"": 13, ""highway"": 11, ""name"": 5, ""source"": 3, ""traffic_calming"": 2, ""surface"": 2, ""natural"": 2, ""junction"": 1, ""access_status:np"": 1, ""condition:np"": 1, ""lanes"": 1, ""maxspeed"": 1, ""project:url"": 1, ""ref"": 1, ""ref:old"": 1, ""survey:year"": 1, ""surveyor:name"": 1, ""width"": 1, ""width:ROW"": 1, ""width:carriage"": 1, ""width:shoulder"": 1, ""layer"": 1}","#hotosm-project-12598,#DurbanFloods,#hotosm-project-8942,#KLL,#covid_19,#mappingtheunmapped,#mapforcause,#osmnepal,#covid19-nepal",2024-01-01 00:00:00+00:00,2024-01-03 00:00:00+00:00
22,JFL-75,https://www.openstreetmap.org/user/JFL-75,13317783,20,4045,"Kenya,Ecuador,United Republic of Tanzania",JOSM/1.5 (18822 en),1676,719,1012,340,69,229,0,0,0,0,0,340.0,51.0,0.0,17.0,0.0,0.0,0.0,0.0,"{""building"": 340, ""construction"": 14}","{""building"": 51, ""highway"": 17, ""construction"": 2, ""name"": 1, ""landuse"": 1}","#hotosm-project-15732,#msf,#missingmaps,#homabay2023,#hotosm-project-14991,#hotosm-project-11788,#TanzaniaDevelopmentTrust,#Tanzania",2024-01-01 00:00:00+00:00,2024-01-03 00:00:00+00:00
23,King edgar,https://www.openstreetmap.org/user/King%20edgar,13352087,14,3910,Kenya,JOSM/1.5 (18822 en),3319,1,0,590,0,0,0,0,0,0,0,590.0,0.0,0.0,0.0,0.0,0.0,0.0,0.0,"{""building"": 590}",{},"#hotosm-project-15529,#esa4cities,#omhesa,#nairobi,#SPN",2024-01-01 00:00:00+00:00,2024-01-03 00:00:00+00:00
24,MarleenaK,https://www.openstreetmap.org/user/MarleenaK,8292438,16,3819,South Africa,iD 2.21.1,3196,4,0,618,1,0,0,0,0,0,0,618.0,0.0,0.0,1.0,0.0,0.0,0.0,0.0,"{""building"": 618, ""layer"": 15}","{""highway"": 1, ""name"": 1, ""source"": 1}","#hotosm-project-12598,#DurbanFloods",2024-01-01 00:00:00+00:00,2024-01-03 00:00:00+00:00
25,Shivanuja Gokarakonda,https://www.openstreetmap.org/user/Shivanuja%20Gokarakonda,20742463,16,3580,Kenya,iD 2.21.1,2184,417,480,397,9,93,0,0,0,0,0,385.0,3.0,12.0,6.0,0.0,0.0,0.0,0.0,"{""building"": 385, ""highway"": 12}","{""highway"": 6, ""building"": 3, ""surface"": 2}",#hotosm-project-14865,2024-01-01 00:00:00+00:00,2024-01-03 00:00:00+00:00
26,Siem_Hw,https://www.openstreetmap.org/user/Siem_Hw,18958553,7,3550,Chad,JOSM/1.5 (18907 nl),933,1437,908,185,26,61,0,0,0,0,0,185.0,26.0,0.0,0.0,0.0,0.0,0.0,0.0,"{""building"": 185}","{""building"": 26}","#hotosm-project-15708,#msf,#missingmaps,#Moissala2023",2024-01-01 00:00:00+00:00,2024-01-03 00:00:00+00:00
27,Adrie Sonke,https://www.openstreetmap.org/user/Adrie%20Sonke,6519387,29,3448,Nepal,iD 2.21.1,1813,847,417,247,40,84,0,0,0,1,4,211.0,0.0,7.0,24.0,29.0,16.0,0.0,0.0,"{""building"": 211, ""waterway"": 29, ""intermittent"": 27, ""highway"": 7, ""bridge"": 2, ""layer"": 2, ""ford"": 1, ""surface"": 1}","{""highway"": 24, ""waterway"": 16, ""surface"": 12, ""intermittent"": 11, ""ford"": 4, ""name"": 2, ""seasonal"": 2, ""layer"": 2, ""source"": 1}","#hotosm-project-14987,#kll,#mappingtheunmapped,#mapforcause,#osmnepal",2024-01-01 00:00:00+00:00,2024-01-03 00:00:00+00:00
28,PrakashGhartiMagar668,https://www.openstreetmap.org/user/PrakashGhartiMagar668,10573045,12,3310,Nepal,JOSM/1.5 (18907 en),2146,641,177,275,70,1,0,0,0,0,5,204.0,18.0,0.0,16.0,41.0,1.0,0.0,1.0,"{""building"": 204, ""usage"": 41, ""waterway"": 41, ""layer"": 23, ""landuse"": 19, ""tunnel"": 19, ""natural"": 9, ""water"": 9, ""man_made"": 3}","{""landuse"": 27, ""name"": 18, ""building"": 18, ""highway"": 16, ""contact:phone"": 9, ""operator"": 9, ""surface"": 7, ""industrial"": 7, ""man_made"": 7, ""opening_hours"": 6, ""noname"": 6, ""personnel:count"": 5, ""chimney"": 4, ""addr:city"": 2, ""addr:place"": 2, ""phone"": 2, ""contact:email"": 2, ""natural"": 2, ""place"": 1, ""amenity"": 1, ""craft"": 1, ""government"": 1, ""office"": 1, ""water"": 1, ""admin_level"": 1, ""boundary"": 1, ""usage"": 1, ""waterway"": 1}","#hotosm-project-15841,#NepalgunjSM,#GreenShiftNepal,#EU,#YI-Lab,#WasteFellowship2023",2024-01-01 00:00:00+00:00,2024-01-03 00:00:00+00:00
29,jafarbeek,https://www.openstreetmap.org/user/jafarbeek,12333599,21,2948,Kyrgyzstan,"JOSM/1.5 (18531 en),iD 2.21.1",2347,47,6,523,24,1,0,0,0,0,1,513.0,22.0,10.0,1.0,0.0,0.0,0.0,1.0,"{""building"": 513, ""source"": 147, ""highway"": 10}","{""building"": 22, ""source"": 9, ""name"": 3, ""addr:country"": 2, ""addr:region"": 1, ""name:en"": 1, ""name:ru"": 1, ""place"": 1, ""wikidata"": 1, ""amenity"": 1, ""level"": 1, ""highway"": 1, ""natural"": 1}","#hotosm-project-15431,#OSMuzbekistan,#MapSokh",2024-01-01 00:00:00+00:00,2024-01-03 00:00:00+00:00
30,Kraan46,https://www.openstreetmap.org/user/Kraan46,11628862,23,2922,"Chad,Kenya,Sudan","JOSM/1.5 (18822 en),JOSM/1.5 (18907 en)",1345,621,691,185,22,58,0,0,0,0,0,185.0,21.0,0.0,0.0,0.0,0.0,0.0,0.0,"{""building"": 185}","{""building"": 21, ""landuse"": 1}","#hotosm-project-15708,#msf,#missingmaps,#Moissala2023,#hotosm-project-15732,#homabay2023,#hotosm-project-15352,#2023sudanconflict",2024-01-01 00:00:00+00:00,2024-01-03 00:00:00+00:00
31,peculiar theater,https://www.openstreetmap.org/user/peculiar%20theater,11880034,10,2913,"Chad,Sudan",JOSM/1.5 (18907 Debian en_GB),704,686,1291,124,19,88,0,0,1,0,0,123.0,17.0,1.0,2.0,0.0,0.0,0.0,0.0,"{""building"": 123, ""highway"": 1}","{""building"": 17, ""highway"": 2}","#hotosm-project-15008,#Tandjile,#msf,#missingmaps,#Tandjile2023,#hotosm-project-15708,#Moissala2023,#hotosm-project-15815,#WestDarfur2023,#mmlondon",2024-01-01 00:00:00+00:00,2024-01-03 00:00:00+00:00
32,Shrestha Shristi,https://www.openstreetmap.org/user/Shrestha%20Shristi,13253207,2,2887,Nepal,JOSM/1.5 (18822 en),346,2018,451,3,64,5,0,0,0,0,1,0.0,10.0,3.0,48.0,0.0,0.0,0.0,0.0,"{""highway"": 3, ""surface"": 2, ""name"": 1}","{""highway"": 48, ""surface"": 17, ""name"": 10, ""building"": 10, ""admin_level"": 3, ""boundary"": 3, ""landuse"": 3, ""place"": 1, ""tracktype"": 1}","#hotosm-project-14898,#OMGuru,#aphub,#startnetwork,#SNRMPNepal",2024-01-01 00:00:00+00:00,2024-01-03 00:00:00+00:00
33,Tom_HL,https://www.openstreetmap.org/user/Tom_HL,18192024,16,2781,Kenya,iD 2.21.1,2028,294,123,316,1,19,0,0,0,0,0,316.0,1.0,0.0,0.0,0.0,0.0,0.0,0.0,"{""building"": 316}","{""building"": 1}","#hotosm-project-15738,#msf,#missingmaps,#homabay2023",2024-01-01 00:00:00+00:00,2024-01-03 00:00:00+00:00
34,Henk222,https://www.openstreetmap.org/user/Henk222,10855040,19,2519,Timor-Leste,iD 2.21.1,1162,946,110,216,65,20,0,0,0,1,3,209.0,57.0,0.0,3.0,0.0,0.0,1.0,0.0,"{""building"": 209, ""landuse"": 7, ""amenity"": 1, ""healthcare"": 1, ""name"": 1}","{""building"": 57, ""source"": 8, ""landuse"": 5, ""_P_CODE_"": 3, ""name"": 3, ""place"": 3, ""highway"": 3}","#hotosm-project-15404,#missingmaps,#Timor,#Avans2023211",2024-01-01 00:00:00+00:00,2024-01-03 00:00:00+00:00
35,rab2020,https://www.openstreetmap.org/user/rab2020,11504696,5,2406,Chad,JOSM/1.5 (18907 en),393,113,1651,86,2,161,0,0,0,0,0,86.0,1.0,0.0,1.0,0.0,0.0,0.0,0.0,"{""building"": 86}","{""building"": 1, ""highway"": 1}","#hotosm-project-15708,#msf,#missingmaps,#Moissala2023,#mmlondon",2024-01-01 00:00:00+00:00,2024-01-03 00:00:00+00:00
36,JohnW11,https://www.openstreetmap.org/user/JohnW11,8285929,27,2267,Chad,JOSM/1.5 (18907 en_GB),1735,136,145,227,6,18,0,0,0,0,1,225.0,0.0,0.0,4.0,0.0,0.0,0.0,0.0,"{""building"": 225, ""landuse"": 2}","{""highway"": 4, ""landuse"": 2, ""GNS:dsg_code"": 1, ""GNS:dsg_name"": 1, ""GNS:id"": 1, ""GNS:modify_date"": 1, ""alt_name"": 1, ""name"": 1, ""place"": 1, ""source"": 1}","#hotosm-project-15708,#msf,#missingmaps,#Moissala2023",2024-01-01 00:00:00+00:00,2024-01-03 00:00:00+00:00
37,James W 17,https://www.openstreetmap.org/user/James%20W%2017,20077227,73,2158,Honduras,iD 2.21.1,1749,0,0,403,6,0,0,0,0,0,0,403.0,3.0,0.0,3.0,0.0,0.0,0.0,0.0,"{""building"": 403}","{""highway"": 3, ""surface"": 3, ""building"": 3, ""source"": 1}","#hotosm-project-15291,#accenture,#acnfy24",2024-01-01 00:00:00+00:00,2024-01-03 00:00:00+00:00
38,Ryan Coles,https://www.openstreetmap.org/user/Ryan%20Coles,11910418,23,2148,"Sudan,Niger",iD 2.21.1,1531,57,199,340,5,16,0,0,0,0,0,340.0,1.0,0.0,0.0,0.0,0.0,0.0,0.0,"{""building"": 340}","{""landuse"": 4, ""source"": 2, ""building"": 1}","#hotosm-project-15352,#missingmaps,#2023sudanconflict,#redcross,#avivauk,#hotosm-project-9443",2024-01-01 00:00:00+00:00,2024-01-03 00:00:00+00:00
39,Joachim_0,https://www.openstreetmap.org/user/Joachim_0,4498347,18,2093,"Togo,India","JOSM/1.5 (18928 en),JOSM/1.5 (18931 en)",1771,13,0,297,12,0,0,0,0,0,0,268.0,0.0,29.0,12.0,0.0,0.0,0.0,0.0,"{""building"": 268, ""highway"": 29}","{""highway"": 12, ""oneway"": 1, ""source"": 1, ""surface"": 1}","#hotosm-project-12321,#hotosm-project-15647,#OSMNorthEastIndia,#GREdFoundation",2024-01-01 00:00:00+00:00,2024-01-03 00:00:00+00:00
40,GeneRoy,https://www.openstreetmap.org/user/GeneRoy,562985,19,2083,Kenya,iD 2.21.1,1064,616,141,230,4,28,0,0,0,0,0,230.0,4.0,0.0,0.0,0.0,0.0,0.0,0.0,"{""building"": 230}","{""building"": 4}","#hotosm-project-15737,#msf,#missingmaps,#homabay2023",2024-01-01 00:00:00+00:00,2024-01-03 00:00:00+00:00
41,Patrik_B,https://www.openstreetmap.org/user/Patrik_B,10478691,9,2080,"Zimbabwe,Chad,Sudan,Honduras",JOSM/1.5 (18907 en_GB),864,316,621,168,35,76,0,0,0,0,0,168.0,32.0,0.0,0.0,0.0,0.0,0.0,0.0,"{""building"": 168}","{""building"": 32, ""landuse"": 3}","#hotosm-project-13763,#msfzimbabwe,#osmzimbabwe,#msf,#missingmaps,#gwanda,#hotosm-project-15708,#Moissala2023,#mmlondon,#hotosm-project-15815,#WestDarfur2023,#hotosm-project-15064",2024-01-01 00:00:00+00:00,2024-01-03 00:00:00+00:00
42,Nomad24,https://www.openstreetmap.org/user/Nomad24,19992094,5,2061,Kenya,JOSM/1.5 (18907 cs),1701,0,0,360,0,0,0,0,0,0,0,360.0,0.0,0.0,0.0,0.0,0.0,0.0,0.0,"{""building"": 360}",{},"#hotosm-project-15738,#msf,#missingmaps,#homabay2023",2024-01-01 00:00:00+00:00,2024-01-03 00:00:00+00:00
43,Grannymeg,https://www.openstreetmap.org/user/Grannymeg,13361440,10,2058,Nepal,iD 2.21.1,1671,209,18,97,63,0,0,0,0,0,0,11.0,0.0,8.0,6.0,1.0,2.0,1.0,0.0,"{""landuse"": 40, ""natural"": 36, ""building"": 11, ""highway"": 8, ""amenity"": 1, ""intermittent"": 1, ""waterway"": 1}","{""natural"": 24, ""landuse"": 24, ""highway"": 6, ""source"": 3, ""name"": 3, ""waterway"": 2, ""access_status"": 2, ""condition"": 2, ""lanes"": 2, ""maxspeed"": 2, ""project:url"": 2, ""ref"": 2, ""ref:old"": 2, ""resurfaced:date"": 2, ""start_chainage"": 2, ""surface"": 2, ""survey:date"": 2, ""survey:year"": 2, ""surveyor:name"": 2, ""width"": 2, ""width:ROW"": 2, ""width:carriage"": 2, ""width:shoulder"": 2}","#hotosm-project-13168,#KLL,#MapGive,#mappingtheunmapped,#mapforcause,#osmnepal",2024-01-01 00:00:00+00:00,2024-01-03 00:00:00+00:00
44,JibiPV,https://www.openstreetmap.org/user/JibiPV,20110494,6,2057,South Africa,iD 2.21.1,1768,12,0,277,0,0,0,0,0,0,0,277.0,0.0,0.0,0.0,0.0,0.0,0.0,0.0,"{""building"": 277}",{},"#hotosm-project-12598,#DurbanFloods",2024-01-01 00:00:00+00:00,2024-01-03 00:00:00+00:00
45,Arie den Boon,https://www.openstreetmap.org/user/Arie%20den%20Boon,11116458,7,2047,Nepal,JOSM/1.5 (18907 en),398,1005,488,68,41,47,0,0,0,0,3,64.0,5.0,4.0,29.0,0.0,0.0,0.0,0.0,"{""building"": 64, ""highway"": 4, ""surface"": 2}","{""highway"": 29, ""surface"": 21, ""natural"": 7, ""building"": 5, ""ford"": 3, ""noname"": 1}","#hotosm-project-15755,#nepalearthquake2023,#disasterresponse,#osmnepal,#jajarkotearthquake",2024-01-01 00:00:00+00:00,2024-01-03 00:00:00+00:00
46,Pete24,https://www.openstreetmap.org/user/Pete24,20373864,1,2033,Chad,JOSM/1.5 (18907 cs),860,282,669,131,16,75,0,0,0,0,0,131.0,16.0,0.0,0.0,0.0,0.0,0.0,0.0,"{""building"": 131}","{""building"": 16}","#hotosm-project-15708,#msf,#missingmaps,#Moissala2023,#mmlondon",2024-01-01 00:00:00+00:00,2024-01-03 00:00:00+00:00
47,wleij,https://www.openstreetmap.org/user/wleij,20434497,5,2030,Kenya,iD 2.21.1,1669,22,0,339,0,0,0,0,0,0,0,339.0,0.0,0.0,0.0,0.0,0.0,0.0,0.0,"{""building"": 339}",{},"#hotosm-project-15732,#msf,#missingmaps,#homabay2023",2024-01-01 00:00:00+00:00,2024-01-03 00:00:00+00:00
48,oscarvelmu,https://www.openstreetmap.org/user/oscarvelmu,19010063,39,2014,Ecuador,JOSM/1.5 (18721 es),1658,14,0,327,15,0,0,0,0,0,1,284.0,0.0,43.0,15.0,0.0,0.0,0.0,0.0,"{""building"": 284, ""highway"": 43, ""surface"": 1}","{""highway"": 15, ""surface"": 8, ""name"": 3, ""ford"": 1, ""alt_name"": 1, ""lanes"": 1, ""lanes:backward"": 1, ""lanes:forward"": 1, ""operator"": 1, ""ref"": 1, ""reg_name"": 1, ""road_shield_color"": 1}","#hotosm-project-15667,#SGR_HOT_2023,#HUB_LAC,#hotosm-project-15526,#hotosm-project-15668",2024-01-01 00:00:00+00:00,2024-01-03 00:00:00+00:00
49,MagnusLi,https://www.openstreetmap.org/user/MagnusLi,18119824,5,1987,"Vanuatu,India,Uruguay",iD 2.21.1,1241,453,77,185,18,13,0,0,0,0,1,177.0,5.0,5.0,12.0,3.0,0.0,0.0,0.0,"{""building"": 177, ""highway"": 5, ""waterway"": 3, ""surface"": 2, ""layer"": 1, ""tunnel"": 1}","{""highway"": 12, ""building"": 5, ""surface"": 3, ""smoothness"": 2, ""tracktype"": 2, ""addr:city"": 1, ""addr:housenumber"": 1, ""addr:postcode"": 1, ""addr:street"": 1, ""ref:AGESIC"": 1, ""layer"": 1, ""4wd_only"": 1, ""source"": 1, ""barrier"": 1}","#hotosm-project-15691,#APHub,#VanuatuMapping,#hotosm-project-15647,#OSMNorthEastIndia,#GREdFoundation,#hotosm-project-15711,#HUB_LAC",2024-01-01 00:00:00+00:00,2024-01-03 00:00:00+00:00
50,Astatine,https://www.openstreetmap.org/user/Astatine,11969799,13,1987,Libyan Arab Jamahiriya,iD 2.21.1,1834,3,0,129,21,0,0,0,0,0,0,5.0,0.0,118.0,21.0,6.0,0.0,0.0,0.0,"{""highway"": 118, ""surface"": 18, ""intermittent"": 6, ""waterway"": 6, ""building"": 5}","{""highway"": 21, ""surface"": 9, ""maxspeed"": 4, ""name"": 4, ""name:ar"": 4, ""name:en"": 1, ""oneway"": 1}","#hotosm-project-10263,#OSMGeoWeek,#MapLibya,#LNSDI,#MapTripoli,#LNDTI,#missingmaps,#Vegetation,#LandUseLandCover,#Buildings,#Infrastructure,#StreetsRoads,#Water,#Soil,#Air",2024-01-01 00:00:00+00:00,2024-01-03 00:00:00+00:00
51,SpatialDada,https://www.openstreetmap.org/user/SpatialDada,20358205,13,1880,South Africa,iD 2.21.1,1577,2,0,300,1,0,0,0,0,0,0,300.0,1.0,0.0,0.0,0.0,0.0,0.0,0.0,"{""building"": 300, ""layer"": 6}","{""building"": 1, ""layer"": 1}","#hotosm-project-12598,#DurbanFloods",2024-01-01 00:00:00+00:00,2024-01-03 00:00:00+00:00
52,Abhi_Jung,https://www.openstreetmap.org/user/Abhi_Jung,20768519,1,1851,Nepal,JOSM/1.5 (18907 en),117,1616,57,18,32,11,0,0,0,0,0,18.0,20.0,0.0,10.0,0.0,0.0,0.0,0.0,"{""building"": 18}","{""building"": 20, ""highway"": 10, ""noname"": 4, ""tracktype"": 2, ""ref"": 1, ""ref:old"": 1, ""landuse"": 1, ""admin_level"": 1, ""boundary"": 1}","#hotosm-project-15840,#Bardibas,#GreenShiftNepal,#EU,#YI-Lab,#WasteFellowship2023",2024-01-01 00:00:00+00:00,2024-01-03 00:00:00+00:00
53,Tess2344,https://www.openstreetmap.org/user/Tess2344,12157305,11,1809,"Sudan,Kenya,Australia",iD 2.21.1,345,581,627,64,58,134,0,0,0,0,0,0.0,5.0,64.0,53.0,0.0,0.0,0.0,0.0,"{""highway"": 64, ""service"": 4}","{""highway"": 53, ""building"": 5, ""name"": 4, ""motor_vehicle"": 4, ""surface"": 2, ""source"": 1}","#hotosm-project-15352,#missingmaps,#2023sudanconflict,#hotosm-project-12614,#Naxa,#RemoteMappingKenya,#YouthMappers,#dmd,#OSMNepal,#WBR,#NFL,#EPFL,#GESAN,#hotosm-project-15238,#MalenyMaps,#DRR,#Flood,#Landslide",2024-01-01 00:00:00+00:00,2024-01-03 00:00:00+00:00
54,Emmanuel Oyesola,https://www.openstreetmap.org/user/Emmanuel%20Oyesola,20727465,31,1760,Nigeria,iD 2.21.1,1230,49,204,234,2,41,0,0,0,0,0,234.0,2.0,0.0,0.0,0.0,0.0,0.0,0.0,"{""building"": 234}","{""building"": 2}","#hotosm-project-14735,#Maiduguri,#msf,#missingmaps,#maiduguri2023,#maiduguri2023buildings",2024-01-01 00:00:00+00:00,2024-01-03 00:00:00+00:00
55,Mark_B_Jennings,https://www.openstreetmap.org/user/Mark_B_Jennings,14778276,6,1734,Chad,JOSM/1.5 (18646 en_GB),1144,30,254,264,6,36,0,0,0,0,0,264.0,6.0,0.0,0.0,0.0,0.0,0.0,0.0,"{""building"": 264}","{""building"": 6}","#hotosm-project-15708,#msf,#missingmaps,#Moissala2023,#mmlondon",2024-01-01 00:00:00+00:00,2024-01-03 00:00:00+00:00
56,Ronan_SV,https://www.openstreetmap.org/user/Ronan_SV,14902161,6,1731,Ecuador,iD 2.21.1,1395,38,1,274,22,1,0,0,0,0,0,268.0,0.0,3.0,21.0,0.0,1.0,0.0,0.0,"{""building"": 268, ""highway"": 3, ""natural"": 3, ""informal"": 2}","{""highway"": 21, ""surface"": 11, ""name"": 2, ""service"": 1, ""intermittent"": 1, ""waterway"": 1}","#hotosm-project-15669,#SGR_HOT_2023,#HUB_LAC",2024-01-01 00:00:00+00:00,2024-01-03 00:00:00+00:00
57,Rojina Dhakal,https://www.openstreetmap.org/user/Rojina%20Dhakal,11586561,7,1690,"Nepal,India",JOSM/1.5 (18907 en_GB),598,460,441,54,29,107,1,0,0,0,0,29.0,10.0,10.0,11.0,0.0,0.0,0.0,0.0,"{""building"": 29, ""highway"": 10, ""natural"": 9, ""water"": 8, ""landuse"": 6, ""noname"": 4, ""name"": 2, ""type"": 1}","{""highway"": 11, ""building"": 10, ""name"": 8, ""landuse"": 7, ""place"": 3, ""noname"": 3, ""bicycle"": 1, ""foot"": 1, ""horse"": 1, ""lanes"": 1, ""oneway"": 1, ""ref"": 1, ""ref:old"": 1, ""surface"": 1}","#hotosm-project-15841,#NepalgunjSM,#GreenShiftNepal,#EU,#YI-Lab,#WasteFellowship2023",2024-01-01 00:00:00+00:00,2024-01-03 00:00:00+00:00
58,fathima Reesha,https://www.openstreetmap.org/user/fathima%20Reesha,20510032,5,1661,Morocco,iD 2.21.1,1404,41,41,147,26,2,0,0,0,0,0,58.0,1.0,31.0,18.0,0.0,0.0,0.0,0.0,"{""building"": 58, ""landuse"": 35, ""highway"": 31, ""natural"": 22, ""plant:method"": 1, ""plant:output:electricity"": 1, ""plant:source"": 1, ""power"": 1}","{""highway"": 18, ""surface"": 11, ""landuse"": 7, ""building"": 1}","#hotosm-project-15476,#moroccoearthquake2023",2024-01-01 00:00:00+00:00,2024-01-03 00:00:00+00:00
59,onesimusGGA,https://www.openstreetmap.org/user/onesimusGGA,13063544,10,1636,"Sudan,India",JOSM/1.5 (18004 en),622,841,18,133,21,1,0,0,0,0,0,133.0,16.0,0.0,5.0,0.0,0.0,0.0,0.0,"{""building"": 133}","{""building"": 16, ""highway"": 5, ""fixme"": 1, ""note"": 1}","#hotosm-project-15352,#missingmaps,#2023sudanconflict,#youthmappersfuta,#hotosm-project-15647,#OSMNorthEastIndia,#GREdFoundation",2024-01-01 00:00:00+00:00,2024-01-03 00:00:00+00:00
60,lsbravoc,https://www.openstreetmap.org/user/lsbravoc,17488771,21,1601,Ecuador,JOSM/1.5 (18646 en),1005,337,15,230,11,3,0,0,0,1,0,230.0,8.0,0.0,3.0,0.0,0.0,0.0,0.0,"{""building"": 230, ""natural"": 1}","{""building"": 8, ""highway"": 3, ""surface"": 1}","#hotosm-project-15669,#SGR_HOT_2023,#HUB_LAC,#brigada_HUB_LAC,#SAGEMA",2024-01-01 00:00:00+00:00,2024-01-03 00:00:00+00:00
61,tx2ny,https://www.openstreetmap.org/user/tx2ny,14432270,20,1583,Honduras,iD 2.21.1,1004,330,20,190,39,0,0,0,0,0,0,186.0,5.0,4.0,34.0,0.0,0.0,0.0,0.0,"{""building"": 186, ""highway"": 4, ""source"": 4, ""surface"": 4, ""tracktype"": 3}","{""highway"": 34, ""source"": 31, ""surface"": 25, ""ref"": 9, ""name"": 6, ""tracktype"": 5, ""building"": 5}","#hotosm-project-15268,#jpmc",2024-01-01 00:00:00+00:00,2024-01-03 00:00:00+00:00
62,DelawareWaterGap,https://www.openstreetmap.org/user/DelawareWaterGap,10653308,32,1536,Honduras,JOSM/1.5 (18822 en),264,1165,20,66,21,0,0,0,0,0,0,66.0,21.0,0.0,0.0,0.0,0.0,0.0,0.0,"{""building"": 66}","{""building"": 21}","#hotosm-project-15064,#adt",2024-01-01 00:00:00+00:00,2024-01-03 00:00:00+00:00
63,Buciero,https://www.openstreetmap.org/user/Buciero,11001108,3,1522,Morocco,JOSM/1.5 (18822 es),853,489,25,109,29,16,1,0,0,0,0,105.0,22.0,1.0,4.0,0.0,0.0,0.0,0.0,"{""building"": 105, ""highway"": 1, ""type"": 1}","{""building"": 22, ""highway"": 4, ""surface"": 4, ""source"": 2, ""leisure"": 2, ""lanes"": 1, ""name"": 1, ""addr:street"": 1, ""sport"": 1}","#hotosm-project-15476,#moroccoearthquake2023",2024-01-01 00:00:00+00:00,2024-01-03 00:00:00+00:00
64,AusRedMonkey,https://www.openstreetmap.org/user/AusRedMonkey,9595060,4,1521,Lao People's Democratic Republic,iD 2.21.1,1371,1,0,133,16,0,0,0,0,0,0,0.0,0.0,133.0,16.0,0.0,0.0,0.0,0.0,"{""highway"": 133}","{""highway"": 16, ""surface"": 2}","#hotosm-project-15467,#OSMLaos,#LaosRoadFinder,#OG2023",2024-01-01 00:00:00+00:00,2024-01-03 00:00:00+00:00
65,AER99,https://www.openstreetmap.org/user/AER99,20513606,8,1509,Democratic Republic of the Congo,iD 2.21.1,640,47,555,147,7,113,0,0,0,0,0,147.0,1.0,0.0,4.0,0.0,0.0,0.0,0.0,"{""building"": 147, ""layer"": 1}","{""highway"": 4, ""surface"": 3, ""landuse"": 2, ""practicability"": 2, ""source"": 2, ""source:date"": 2, ""layer"": 1, ""building"": 1}","#hotosm-project-14967,#msf,#missingmaps,#masisi23",2024-01-01 00:00:00+00:00,2024-01-03 00:00:00+00:00
66,Paul48,https://www.openstreetmap.org/user/Paul48,2466432,6,1499,Kenya,iD 2.21.1,1058,218,8,212,1,2,0,0,0,0,0,212.0,0.0,0.0,1.0,0.0,0.0,0.0,0.0,"{""building"": 212}","{""highway"": 1, ""name"": 1, ""ref"": 1, ""source"": 1}","#hotosm-project-15738,#msf,#missingmaps,#homabay2023",2024-01-01 00:00:00+00:00,2024-01-03 00:00:00+00:00
67,jwalseth,https://www.openstreetmap.org/user/jwalseth,1005381,10,1492,Sudan,JOSM/1.5 (18907 en),467,771,100,79,59,16,0,0,0,0,0,79.0,55.0,0.0,2.0,0.0,0.0,0.0,0.0,"{""building"": 79}","{""building"": 55, ""highway"": 2, ""landuse"": 1, ""name"": 1, ""name:ar"": 1, ""name:en"": 1, ""name:fr"": 1, ""place"": 1}","#hotosm-project-15352,#missingmaps,#2023sudanconflict",2024-01-01 00:00:00+00:00,2024-01-03 00:00:00+00:00
68,Pfabing,https://www.openstreetmap.org/user/Pfabing,635029,10,1438,India,iD 2.21.1,811,403,83,110,21,10,0,0,0,0,0,95.0,0.0,15.0,21.0,0.0,0.0,0.0,0.0,"{""building"": 95, ""highway"": 15, ""bridge"": 1, ""layer"": 1}","{""highway"": 21, ""ref"": 5, ""source"": 5}","#hotosm-project-15647,#OSMNorthEastIndia,#GREdFoundation",2024-01-01 00:00:00+00:00,2024-01-03 00:00:00+00:00
69,Co Meijer,https://www.openstreetmap.org/user/Co%20Meijer,3410462,4,1413,Sudan,JOSM/1.5 (18907 nl),860,333,66,138,4,12,0,0,0,0,0,138.0,0.0,0.0,3.0,0.0,0.0,0.0,0.0,"{""building"": 138}","{""highway"": 3, ""surface"": 3, ""landuse"": 1}","#hotosm-project-15815,#msf,#missingmaps,#WestDarfur2023",2024-01-01 00:00:00+00:00,2024-01-03 00:00:00+00:00
70,samrat02,https://www.openstreetmap.org/user/samrat02,13255920,5,1383,Indonesia,JOSM/1.5 (18193 en),360,895,20,68,38,2,0,0,0,0,0,68.0,38.0,0.0,0.0,0.0,0.0,0.0,0.0,"{""building"": 68}","{""building"": 38}","#hotosm-project-12661,#OKKitG20,#youthmappers,#Karangasem20",2024-01-01 00:00:00+00:00,2024-01-03 00:00:00+00:00
71,Gaisie,https://www.openstreetmap.org/user/Gaisie,14915632,16,1277,"Kenya,Ghana",JOSM/1.5 (18700 en),942,123,1,208,2,1,0,0,0,0,0,208.0,2.0,0.0,0.0,0.0,0.0,0.0,0.0,"{""building"": 208}","{""building"": 2}","#hotosm-project-15737,#msf,#missingmaps,#homabay2023,#knustyouthmappers",2024-01-01 00:00:00+00:00,2024-01-03 00:00:00+00:00
72,birgitt m,https://www.openstreetmap.org/user/birgitt%20m,17722275,4,1267,Chad,iD 2.21.1,488,36,586,77,3,77,0,0,0,0,0,77.0,2.0,0.0,0.0,0.0,0.0,0.0,0.0,"{""building"": 77}","{""building"": 2, ""landuse"": 1}","#hotosm-project-15708,#msf,#missingmaps,#Moissala2023,#mmlondon",2024-01-01 00:00:00+00:00,2024-01-03 00:00:00+00:00
73,Ehrie,https://www.openstreetmap.org/user/Ehrie,14977178,47,1262,"Sri Lanka,Kenya,Morocco,Japan,India,Ecuador",iD 2.21.1,1030,0,4,225,2,1,0,0,0,0,0,220.0,0.0,5.0,0.0,0.0,0.0,0.0,0.0,"{""building"": 220, ""highway"": 5}","{""natural"": 1, ""source"": 1, ""source_ref"": 1}","#hotosm-project-11555,#hotosm-project-15736,#msf,#missingmaps,#homabay2023,#hotosm-project-15476,#moroccoearthquake2023,#RikuzenTakata,#hotosm-project-10535,#CrisisMappersJAPAN,#FuruhashiLab,#DRONEBIRD,#YouthMappersAGU,#amazonpsas,#hotosm-project-15228,#OSMIndia,#OSMNorthEastIndia,#GREd,#GREdFoundation,#AssamMapping23,#hotosm-project-15667,#SGR_HOT_2023,#HUB_LAC",2024-01-01 00:00:00+00:00,2024-01-03 00:00:00+00:00
74,rrissiek,https://www.openstreetmap.org/user/rrissiek,17889,7,1253,"India,Philippines,Lao People's Democratic Republic,Iraq",JOSM/1.5 (18822 de),719,402,49,57,16,10,0,0,0,1,3,42.0,1.0,16.0,11.0,0.0,0.0,0.0,2.0,"{""building"": 42, ""highway"": 16, ""crossing"": 1, ""supervised"": 1, ""access"": 1, ""surface"": 1}","{""highway"": 11, ""name"": 7, ""barrier"": 3, ""access"": 2, ""bicycle"": 2, ""foot"": 2, ""horse"": 2, ""motor_vehicle"": 2, ""oneway"": 2, ""source"": 2, ""amenity"": 2, ""boundary"": 2, ""place"": 2, ""lanes"": 1, ""maxspeed"": 1, ""nat_name"": 1, ""ref"": 1, ""surface"": 1, ""name:ta"": 1, ""width"": 1, ""building"": 1}","#hotosm-project-15843,#hotosm-project-15818,#YouthMappers,#OSMPhilippines,#PnM2023,#YMPH,#OMGuru,#hotosm-project-15467,#OSMLaos,#LaosRoadFinder,#OG2023,#hotosm-project-14260,#missingmaps",2024-01-01 00:00:00+00:00,2024-01-03 00:00:00+00:00
75,RAytoun,https://www.openstreetmap.org/user/RAytoun,1414812,11,1221,"Kenya,Sudan,Chad",JOSM/1.5 (18907 en_GB),636,372,72,115,21,5,0,0,0,0,0,108.0,4.0,6.0,11.0,0.0,0.0,0.0,0.0,"{""building"": 108, ""highway"": 6, ""surface"": 2, ""natural"": 1}","{""highway"": 11, ""landuse"": 4, ""building"": 4, ""surface"": 3, ""natural"": 2}","#hotosm-project-13532,#hotosm-project-15815,#msf,#missingmaps,#WestDarfur2023,#mmlondon,#hotosm-project-15708,#Moissala2023",2024-01-01 00:00:00+00:00,2024-01-03 00:00:00+00:00
76,Anshu Chappidi,https://www.openstreetmap.org/user/Anshu%20Chappidi,19988894,8,1209,"Mauritania,Lao People's Democratic Republic,Morocco",iD 2.21.1,981,12,132,41,14,29,0,0,0,0,0,8.0,1.0,33.0,11.0,0.0,0.0,0.0,0.0,"{""highway"": 33, ""building"": 8}","{""highway"": 11, ""surface"": 4, ""source"": 2, ""landuse"": 2, ""building"": 1, ""layer"": 1}","#hotosm-project-11970,#Projet,#hotosm-project-15467,#OSMLaos,#LaosRoadFinder,#OG2023,#hotosm-project-15476,#moroccoearthquake2023",2024-01-01 00:00:00+00:00,2024-01-03 00:00:00+00:00
77,Yian Wang,https://www.openstreetmap.org/user/Yian%20Wang,20632031,5,1145,South Africa,iD 2.21.1,936,28,4,176,0,1,0,0,0,0,0,176.0,0.0,0.0,0.0,0.0,0.0,0.0,0.0,"{""building"": 176, ""layer"": 1}",{},"#hotosm-project-12598,#DurbanFloods",2024-01-01 00:00:00+00:00,2024-01-03 00:00:00+00:00
78,ewoudn,https://www.openstreetmap.org/user/ewoudn,6518205,7,1145,"India,Morocco,Libyan Arab Jamahiriya",iD 2.21.1,842,76,41,162,18,6,0,0,0,2,0,141.0,1.0,20.0,15.0,0.0,2.0,0.0,0.0,"{""building"": 141, ""highway"": 20, ""surface"": 15, ""ford"": 2, ""landuse"": 1}","{""highway"": 15, ""surface"": 3, ""intermittent"": 2, ""waterway"": 2, ""name"": 1, ""name:ar"": 1, ""service"": 1, ""oneway"": 1, ""building"": 1}","#hotosm-project-15647,#OSMNorthEastIndia,#GREdFoundation,#hotosm-project-15476,#moroccoearthquake2023,#hotosm-project-10263,#OSMGeoWeek,#MapLibya,#LNSDI,#MapTripoli,#LNDTI,#missingmaps,#Vegetation,#LandUseLandCover,#Buildings,#Infrastructure,#StreetsRoads,#Water,#Soil,#Air,#hotosm-project-10264",2024-01-01 00:00:00+00:00,2024-01-03 00:00:00+00:00
79,Akinfasoye,https://www.openstreetmap.org/user/Akinfasoye,13770612,6,1103,"Sudan,Morocco",JOSM/1.5 (18543 en),793,92,63,139,1,15,0,0,0,0,0,139.0,1.0,0.0,0.0,0.0,0.0,0.0,0.0,"{""building"": 139}","{""building"": 1}","#hotosm-project-15352,#missingmaps,#2023sudanconflict,#HNEE,#hotosm-project-15476,#moroccoearthquake2023",2024-01-01 00:00:00+00:00,2024-01-03 00:00:00+00:00
80,Jorieke V,https://www.openstreetmap.org/user/Jorieke%20V,378610,4,1096,"Chad,Sudan",JOSM/1.5 (18746 en_GB),115,103,778,26,4,70,0,0,0,0,0,26.0,2.0,0.0,1.0,0.0,0.0,0.0,0.0,"{""building"": 26}","{""building"": 2, ""landuse"": 1, ""highway"": 1}","#hotosm-project-15708,#msf,#missingmaps,#Moissala2023,#mmlondon,#hotosm-project-15815,#WestDarfur2023",2024-01-01 00:00:00+00:00,2024-01-03 00:00:00+00:00
81,Dibikshya Shrestha,https://www.openstreetmap.org/user/Dibikshya%20Shrestha,16060450,6,1064,Nepal,JOSM/1.5 (18822 en),341,694,12,6,11,0,0,0,0,0,0,0.0,0.0,0.0,10.0,0.0,0.0,0.0,0.0,"{""landuse"": 6}","{""highway"": 10, ""ref"": 6, ""landuse"": 1}","#hotosm-project-15756,#nepalearthquake2023,#disasterresponse,#osmnepal,#rukumearthquake,#gesan",2024-01-01 00:00:00+00:00,2024-01-03 00:00:00+00:00
82,remimage,https://www.openstreetmap.org/user/remimage,3626326,1,1055,Sudan,JOSM/1.5 (18907 Debian fr),660,211,17,145,18,4,0,0,0,0,0,145.0,18.0,0.0,0.0,0.0,0.0,0.0,0.0,"{""building"": 145}","{""building"": 18}","#hotosm-project-15352,#missingmaps,#2023sudanconflict",2024-01-01 00:00:00+00:00,2024-01-03 00:00:00+00:00
83,WalkerB,https://www.openstreetmap.org/user/WalkerB,4399830,5,1039,Afghanistan,Rapid 2.1.1,914,16,0,76,31,2,0,0,0,11,1,19.0,0.0,47.0,25.0,14.0,6.0,1.0,0.0,"{""highway"": 47, ""source"": 25, ""building"": 19, ""surface"": 19, ""waterway"": 14, ""power"": 5, ""layer"": 5, ""bridge"": 3, ""tunnel"": 2, ""noexit"": 1, ""barrier"": 1, ""transformer"": 1, ""amenity"": 1, ""religion"": 1, ""service"": 1}","{""highway"": 25, ""surface"": 19, ""source"": 10, ""waterway"": 6, ""condition"": 2, ""lanes"": 2, ""maxspeed"": 2, ""name"": 2, ""oneway"": 2, ""ref"": 2, ""width"": 2, ""shoulder:width"": 1, ""surface:thickness"": 1, ""cables"": 1, ""frequency"": 1, ""power"": 1, ""voltage"": 1}","#hotosm-project-15693,#AfghanistanEarthquake2023,#APHub",2024-01-01 00:00:00+00:00,2024-01-03 00:00:00+00:00
84,Alba Aguilar,https://www.openstreetmap.org/user/Alba%20Aguilar,13964839,16,996,Mauritania,iD 2.21.1,374,216,232,87,38,49,0,0,0,0,0,87.0,36.0,0.0,2.0,0.0,0.0,0.0,0.0,"{""building"": 87}","{""building"": 36, ""highway"": 2}","#hotosm-project-11970,#Projet",2024-01-01 00:00:00+00:00,2024-01-03 00:00:00+00:00
85,Roupille,https://www.openstreetmap.org/user/Roupille,20348200,5,970,Sudan,iD 2.21.1,641,96,66,145,6,16,0,0,0,0,0,145.0,4.0,0.0,2.0,0.0,0.0,0.0,0.0,"{""building"": 145}","{""building"": 4, ""highway"": 2}","#hotosm-project-15352,#missingmaps,#2023sudanconflict",2024-01-01 00:00:00+00:00,2024-01-03 00:00:00+00:00
86,jessiepech,https://www.openstreetmap.org/user/jessiepech,1507682,10,883,Sudan,JOSM/1.5 (18678 en),691,15,4,171,1,1,0,0,0,0,0,171.0,1.0,0.0,0.0,0.0,0.0,0.0,0.0,"{""building"": 171}","{""building"": 1}","#hotosm-project-15352,#missingmaps,#2023sudanconflict",2024-01-01 00:00:00+00:00,2024-01-03 00:00:00+00:00
87,Peter82,https://www.openstreetmap.org/user/Peter82,10659286,8,868,United Republic of Tanzania,iD 2.21.1,359,304,88,67,27,23,0,0,0,0,0,66.0,10.0,1.0,17.0,0.0,0.0,0.0,0.0,"{""building"": 66, ""highway"": 1, ""tracktype"": 1}","{""highway"": 17, ""surface"": 11, ""building"": 10, ""tracktype"": 4}","#hotosm-project-11788,#TanzaniaDevelopmentTrust,#Tanzania,#missingmaps",2024-01-01 00:00:00+00:00,2024-01-03 00:00:00+00:00
88,Soufianou,https://www.openstreetmap.org/user/Soufianou,16981094,8,856,Niger,JOSM/1.5 (18907 fr),673,12,0,168,3,0,0,0,0,0,0,168.0,3.0,0.0,0.0,0.0,0.0,0.0,0.0,"{""building"": 168}","{""building"": 3}","#hotosm-project-15117,#WNAH,#OSMNiger,#Cartographie",2024-01-01 00:00:00+00:00,2024-01-03 00:00:00+00:00
89,Chisom Okwuchi,https://www.openstreetmap.org/user/Chisom%20Okwuchi,10971400,2,841,Morocco,JOSM/1.5 (18907 en),518,175,16,106,25,0,1,0,0,0,0,106.0,11.0,0.0,0.0,0.0,0.0,0.0,0.0,"{""building"": 106, ""type"": 1}","{""building"": 11, ""leisure"": 9, ""sport"": 8, ""barrier"": 3, ""landuse"": 1, ""source"": 1}","#hotosm-project-15476,#moroccoearthquake2023",2024-01-01 00:00:00+00:00,2024-01-03 00:00:00+00:00
90,MongolianPlateau,https://www.openstreetmap.org/user/MongolianPlateau,18064802,28,819,Honduras,JOSM/1.5 (18822 en),238,511,8,58,2,2,0,0,0,0,0,58.0,2.0,0.0,0.0,0.0,0.0,0.0,0.0,"{""building"": 58}","{""building"": 2}","#hotosm-project-15064,#adt",2024-01-01 00:00:00+00:00,2024-01-03 00:00:00+00:00
91,Sleeveless Famine,https://www.openstreetmap.org/user/Sleeveless%20Famine,17561378,5,810,Morocco,iD 2.21.1,662,0,0,148,0,0,0,0,0,0,0,148.0,0.0,0.0,0.0,0.0,0.0,0.0,0.0,"{""building"": 148, ""layer"": 1}",{},"#hotosm-project-15476,#moroccoearthquake2023",2024-01-01 00:00:00+00:00,2024-01-03 00:00:00+00:00
92,Ashok Thakulla,https://www.openstreetmap.org/user/Ashok%20Thakulla,10963925,5,809,"India,Mexico",JOSM/1.5 (18822 en),606,52,0,151,0,0,0,0,0,0,0,151.0,0.0,0.0,0.0,0.0,0.0,0.0,0.0,"{""building"": 151}",{},"#hotosm-project-15228,#OSMIndia,#OSMNorthEastIndia,#GREd,#GREdFoundation,#AssamMapping23,#hotosm-project-15869,#mexico,#guerrero,#acapulco,#hurricane,#Otis,#damaged",2024-01-01 00:00:00+00:00,2024-01-03 00:00:00+00:00
93,IMAN SELEMAN,https://www.openstreetmap.org/user/IMAN%20SELEMAN,16981930,8,791,Kenya,JOSM/1.5 (18907 en_GB),676,18,0,95,0,0,2,0,0,0,0,94.0,0.0,0.0,0.0,0.0,0.0,0.0,0.0,"{""building"": 94, ""type"": 2, ""BUILDING"": 1}",{},"#hotosm-project-15529,#esa4cities,#omhesa,#nairobi,#SPN",2024-01-01 00:00:00+00:00,2024-01-03 00:00:00+00:00
94,Rupert Jones,https://www.openstreetmap.org/user/Rupert%20Jones,11184530,5,790,Kenya,iD 2.21.1,664,4,0,122,0,0,0,0,0,0,0,122.0,0.0,0.0,0.0,0.0,0.0,0.0,0.0,"{""building"": 122}",{},"#hotosm-project-15732,#msf,#missingmaps,#homabay2023",2024-01-01 00:00:00+00:00,2024-01-03 00:00:00+00:00
95,Chamcaill,https://www.openstreetmap.org/user/Chamcaill,20247886,6,788,Sudan,iD 2.21.1,378,226,81,75,14,14,0,0,0,0,0,75.0,14.0,0.0,0.0,0.0,0.0,0.0,0.0,"{""building"": 75}","{""building"": 14}","#hotosm-project-15352,#missingmaps,#2023sudanconflict",2024-01-01 00:00:00+00:00,2024-01-03 00:00:00+00:00
96,Jimerveille,https://www.openstreetmap.org/user/Jimerveille,13722972,10,785,Congo,JOSM/1.5 (18772 fr),257,416,30,61,19,2,0,0,0,0,0,61.0,18.0,0.0,1.0,0.0,0.0,0.0,0.0,"{""building"": 61}","{""building"": 18, ""highway"": 1}","#hotosm-project-14954,#mapcongobrazzaville,#OSMAfrica,#youthmappers_udsn,#youthmappers",2024-01-01 00:00:00+00:00,2024-01-03 00:00:00+00:00
97,Dannyoung,https://www.openstreetmap.org/user/Dannyoung,11010237,1,780,Morocco,JOSM/1.5 (18427 en),360,275,44,55,46,0,0,0,0,0,0,55.0,43.0,0.0,3.0,0.0,0.0,0.0,0.0,"{""building"": 55}","{""building"": 43, ""highway"": 3, ""tracktype"": 1}","#hotosm-project-15476,#moroccoearthquake2023",2024-01-01 00:00:00+00:00,2024-01-03 00:00:00+00:00
98,TAMTAM17,https://www.openstreetmap.org/user/TAMTAM17,20669750,7,769,Lebanon,JOSM/1.5 (18907 fr),753,0,1,6,8,0,1,0,0,0,0,0.0,0.0,0.0,1.0,0.0,0.0,0.0,0.0,"{""landuse"": 6, ""type"": 1}","{""landuse"": 5, ""admin_level"": 1, ""boundary"": 1, ""source"": 1, ""highway"": 1, ""lanes"": 1, ""name"": 1, ""name:ar"": 1, ""name:en"": 1, ""name:fr"": 1, ""oneway"": 1, ""ref"": 1, ""surface"": 1}","#hotosm-project-15367,#CartONG,#MissingMaps,#UNHCR,#Liban,#Westbekaa,#Landuse",2024-01-01 00:00:00+00:00,2024-01-03 00:00:00+00:00
99,Kieran Halley,https://www.openstreetmap.org/user/Kieran%20Halley,20806155,3,763,Sudan,iD 2.21.1,699,1,0,62,1,0,0,0,0,0,0,62.0,0.0,0.0,0.0,0.0,0.0,0.0,0.0,"{""building"": 62}","{""landuse"": 1}","#hotosm-project-15815,#msf,#missingmaps,#WestDarfur2023,#mmlondon",2024-01-01 00:00:00+00:00,2024-01-03 00:00:00+00:00
100,hongngan,https://www.openstreetmap.org/user/hongngan,11321334,5,761,Morocco,iD 2.21.1,579,84,12,76,7,3,0,0,0,0,0,76.0,7.0,0.0,0.0,0.0,0.0,0.0,0.0,"{""building"": 76}","{""building"": 7}","#hotosm-project-15477,#moroccoearthquake2023",2024-01-01 00:00:00+00:00,2024-01-03 00:00:00+00:00
101,Aarogya Pandey,https://www.openstreetmap.org/user/Aarogya%20Pandey,11807790,17,729,"Nepal,India",JOSM/1.5 (18822 en),260,404,0,65,0,0,0,0,0,0,0,65.0,0.0,0.0,0.0,0.0,0.0,0.0,0.0,"{""building"": 65}",{},"#hotosm-project-15796,#nepalearthquake2023,#disasterresponse,#osmnepal,#jajarkotearthquake,#hotosm-project-15843",2024-01-01 00:00:00+00:00,2024-01-03 00:00:00+00:00
102,thpr,https://www.openstreetmap.org/user/thpr,4188910,5,721,Morocco,iD 2.21.1,575,73,6,57,10,0,0,0,0,0,0,49.0,0.0,8.0,7.0,0.0,0.0,0.0,0.0,"{""building"": 49, ""highway"": 8}","{""highway"": 7, ""source"": 2, ""natural"": 2, ""lanes"": 1, ""surface"": 1, ""access"": 1, ""landuse"": 1}","#hotosm-project-15476,#moroccoearthquake2023",2024-01-01 00:00:00+00:00,2024-01-03 00:00:00+00:00
103,Catherine_H,https://www.openstreetmap.org/user/Catherine_H,19203857,10,718,Sudan,iD 2.21.1,486,91,18,115,7,1,0,0,0,0,0,115.0,1.0,0.0,6.0,0.0,0.0,0.0,0.0,"{""building"": 115}","{""highway"": 6, ""building"": 1}","#hotosm-project-15352,#missingmaps,#2023sudanconflict",2024-01-01 00:00:00+00:00,2024-01-03 00:00:00+00:00
104,Forgoodmap!,https://www.openstreetmap.org/user/Forgoodmap%21,7274889,3,704,Lao People's Democratic Republic,iD 2.21.1,620,0,0,76,8,0,0,0,0,0,0,46.0,0.0,30.0,8.0,0.0,0.0,0.0,0.0,"{""building"": 46, ""highway"": 30, ""layer"": 1}","{""highway"": 8}","#hotosm-project-15467,#OSMLaos,#LaosRoadFinder,#OG2023",2024-01-01 00:00:00+00:00,2024-01-03 00:00:00+00:00
105,SUMAYYA 23,https://www.openstreetmap.org/user/SUMAYYA%2023,18661810,4,700,Kenya,Rapid 2.1.1,527,43,16,110,2,2,0,0,0,0,0,101.0,0.0,9.0,2.0,0.0,0.0,0.0,0.0,"{""building"": 101, ""source"": 86, ""highway"": 9}","{""highway"": 2, ""ref"": 1}",#hotosm-project-14329,2024-01-01 00:00:00+00:00,2024-01-03 00:00:00+00:00
106,CO_devra,https://www.openstreetmap.org/user/CO_devra,20768527,1,696,Nepal,JOSM/1.5 (18907 en),285,140,242,8,10,11,0,0,0,1,2,0.0,0.0,0.0,2.0,2.0,1.0,0.0,0.0,"{""landuse"": 6, ""waterway"": 2, ""ford"": 1}","{""natural"": 5, ""ford"": 2, ""highway"": 2, ""landuse"": 2, ""intermittent"": 1, ""waterway"": 1}","#hotosm-project-15840,#Bardibas,#GreenShiftNepal,#EU,#YI-Lab,#WasteFellowship2023",2024-01-01 00:00:00+00:00,2024-01-03 00:00:00+00:00
107,Nicole Le,https://www.openstreetmap.org/user/Nicole%20Le,11696185,11,694,Kenya,iD 2.21.1,562,16,0,116,0,0,0,0,0,0,0,116.0,0.0,0.0,0.0,0.0,0.0,0.0,0.0,"{""building"": 116}",{},"#hotosm-project-14868,#hotosm-project-12614,#Naxa,#RemoteMappingKenya,#YouthMappers,#dmd,#OSMNepal,#WBR,#NFL,#EPFL,#GESAN",2024-01-01 00:00:00+00:00,2024-01-03 00:00:00+00:00
108,dalik58,https://www.openstreetmap.org/user/dalik58,2187774,5,678,Morocco,iD 2.21.1,444,151,21,36,23,3,0,0,0,0,0,16.0,6.0,1.0,7.0,0.0,0.0,0.0,0.0,"{""building"": 16, ""landuse"": 7, ""leisure"": 6, ""barrier"": 5, ""sport"": 3, ""highway"": 1, ""natural"": 1, ""water"": 1}","{""highway"": 7, ""building"": 6, ""landuse"": 5, ""surface"": 4, ""leisure"": 4, ""source"": 2, ""sport"": 1, ""barrier"": 1}","#hotosm-project-15476,#moroccoearthquake2023",2024-01-01 00:00:00+00:00,2024-01-03 00:00:00+00:00
109,1ucian0,https://www.openstreetmap.org/user/1ucian0,20118525,9,620,Ecuador,iD 2.21.1,123,464,7,23,3,0,0,0,0,0,0,21.0,0.0,2.0,3.0,0.0,0.0,0.0,0.0,"{""building"": 21, ""highway"": 2, ""surface"": 1}","{""highway"": 3, ""surface"": 3}","#hotosm-project-15667,#SGR_HOT_2023,#HUB_LAC",2024-01-01 00:00:00+00:00,2024-01-03 00:00:00+00:00
110,JosV67,https://www.openstreetmap.org/user/JosV67,12605406,2,592,Sudan,JOSM/1.5 (18907 nl),188,293,54,36,10,11,0,0,0,0,0,36.0,9.0,0.0,1.0,0.0,0.0,0.0,0.0,"{""building"": 36}","{""building"": 9, ""highway"": 1}","#hotosm-project-15352,#missingmaps,#2023sudanconflict",2024-01-01 00:00:00+00:00,2024-01-03 00:00:00+00:00
111,GuyPa,https://www.openstreetmap.org/user/GuyPa,6526727,1,584,Morocco,JOSM/1.5 (18907 nl),327,168,8,64,17,0,0,0,0,0,0,64.0,15.0,0.0,2.0,0.0,0.0,0.0,0.0,"{""building"": 64}","{""building"": 15, ""highway"": 2}","#hotosm-project-15476,#moroccoearthquake2023",2024-01-01 00:00:00+00:00,2024-01-03 00:00:00+00:00
112,NatalieW09,https://www.openstreetmap.org/user/NatalieW09,19727303,2,568,Niger,iD 2.21.1,469,0,0,91,8,0,0,0,0,0,0,91.0,1.0,0.0,1.0,0.0,0.0,0.0,0.0,"{""building"": 91}","{""landuse"": 6, ""building"": 1, ""highway"": 1, ""surface"": 1}","#hotosm-project-9586,#missingmaps,#redcross,#niger,#hotosm-project-9755",2024-01-01 00:00:00+00:00,2024-01-03 00:00:00+00:00
113,Ellieschi,https://www.openstreetmap.org/user/Ellieschi,20726932,1,551,Iraq,iD 2.21.1,249,130,107,45,7,13,0,0,0,0,0,45.0,7.0,0.0,0.0,0.0,0.0,0.0,0.0,"{""building"": 45}","{""building"": 7}","#hotosm-project-14260,#missingmaps",2024-01-01 00:00:00+00:00,2024-01-03 00:00:00+00:00
114,RoastDinner,https://www.openstreetmap.org/user/RoastDinner,20803057,24,550,Honduras,iD 2.21.1,435,0,12,100,0,3,0,0,0,0,0,100.0,0.0,0.0,0.0,0.0,0.0,0.0,0.0,"{""building"": 100}",{},"#hotosm-project-15291,#accenture,#acnfy24",2024-01-01 00:00:00+00:00,2024-01-03 00:00:00+00:00
115,Lindsey Bonsu,https://www.openstreetmap.org/user/Lindsey%20Bonsu,17794763,6,549,Kenya,iD 2.21.1,237,245,2,54,11,0,0,0,0,0,0,54.0,11.0,0.0,0.0,0.0,0.0,0.0,0.0,"{""building"": 54}","{""building"": 11}","#hotosm-project-15737,#msf,#missingmaps,#homabay2023,#ugyouthmappers",2024-01-01 00:00:00+00:00,2024-01-03 00:00:00+00:00
116,isabelapi,https://www.openstreetmap.org/user/isabelapi,10184193,30,547,Dominican Republic,iD 2.21.1,461,0,0,86,0,0,0,0,0,0,0,86.0,0.0,0.0,0.0,0.0,0.0,0.0,0.0,"{""building"": 86}",{},"#hotosm-project-15827,#LACAnticipatoryMapping,#humap-trier,#ADEGA",2024-01-01 00:00:00+00:00,2024-01-03 00:00:00+00:00
117,JanButter,https://www.openstreetmap.org/user/JanButter,6522172,1,538,Timor-Leste,iD 2.21.1,368,105,0,54,11,0,0,0,0,0,0,54.0,4.0,0.0,7.0,0.0,0.0,0.0,0.0,"{""building"": 54}","{""highway"": 7, ""building"": 4, ""surface"": 1}","#hotosm-project-13086,#omhaptimorleste,#timorlestemapping,#wvtl,#aileu",2024-01-01 00:00:00+00:00,2024-01-03 00:00:00+00:00
118,Jan Erba,https://www.openstreetmap.org/user/Jan%20Erba,15466773,2,534,Sudan,iD 2.21.1,475,3,1,54,1,0,0,0,0,0,0,54.0,1.0,0.0,0.0,0.0,0.0,0.0,0.0,"{""building"": 54}","{""building"": 1}","#hotosm-project-15815,#msf,#missingmaps,#WestDarfur2023",2024-01-01 00:00:00+00:00,2024-01-03 00:00:00+00:00
119,Mehedi Hasan Ovi,https://www.openstreetmap.org/user/Mehedi%20Hasan%20Ovi,17771840,80,528,India,iD 2.21.1,441,5,0,80,2,0,0,0,0,0,0,78.0,0.0,2.0,2.0,0.0,0.0,0.0,0.0,"{""building"": 78, ""highway"": 2}","{""highway"": 2}","#hotosm-project-15647,#OSMNorthEastIndia,#GREdFoundation,#road_mapped,#building_mapped",2024-01-01 00:00:00+00:00,2024-01-03 00:00:00+00:00
120,IzzyLotty,https://www.openstreetmap.org/user/IzzyLotty,20799319,7,506,South Africa,iD 2.21.1,420,0,0,86,0,0,0,0,0,0,0,86.0,0.0,0.0,0.0,0.0,0.0,0.0,0.0,"{""building"": 86}",{},"#hotosm-project-12598,#DurbanFloods",2024-01-01 00:00:00+00:00,2024-01-03 00:00:00+00:00
121,KingVik,https://www.openstreetmap.org/user/KingVik,7159298,8,484,Rwanda,JOSM/1.5 (18907 en),211,193,22,39,19,0,0,0,0,0,0,39.0,12.0,0.0,7.0,0.0,0.0,0.0,0.0,"{""building"": 39}","{""building"": 12, ""highway"": 7}","#hotosm-project-15433,#MapRwanda,#EcoMappers,#NyarurumaCell,#OSMRwanda,#umuganda",2024-01-01 00:00:00+00:00,2024-01-03 00:00:00+00:00
122,Biscuit1882,https://www.openstreetmap.org/user/Biscuit1882,20410015,2,475,Guinea,iD 2.21.1,53,398,0,5,19,0,0,0,0,0,0,5.0,17.0,0.0,2.0,0.0,0.0,0.0,0.0,"{""building"": 5}","{""building"": 17, ""highway"": 2, ""source"": 2, ""name"": 1}","#hotosm-project-15818,#YouthMappers,#OSMPhilippines,#PnM2023,#YMPH,#OMGuru,#hotosm-project-10891,#UNDPGuinea,#Guinea,#Map4Gn,#Map4Africa,#FreeLocalMappers",2024-01-01 00:00:00+00:00,2024-01-03 00:00:00+00:00
123,Ollie Hughes,https://www.openstreetmap.org/user/Ollie%20Hughes,20806158,6,440,Sudan,iD 2.21.1,379,0,0,61,0,0,0,0,0,0,0,61.0,0.0,0.0,0.0,0.0,0.0,0.0,0.0,"{""building"": 61}",{},"#hotosm-project-15815,#msf,#missingmaps,#WestDarfur2023,#mmlondon",2024-01-01 00:00:00+00:00,2024-01-03 00:00:00+00:00
124,josephbuark,https://www.openstreetmap.org/user/josephbuark,20801325,6,433,"India,Morocco,Mexico",iD 2.21.1,334,34,2,59,4,0,0,0,0,0,0,58.0,0.0,0.0,4.0,0.0,0.0,0.0,0.0,"{""building"": 58, ""man_made"": 2, ""natural"": 1, ""water"": 1}","{""highway"": 4}","#hotosm-project-15647,#OSMNorthEastIndia,#GREdFoundation,#hotosm-project-15476,#moroccoearthquake2023,#hotosm-project-15871,#mexico,#guerrero,#acapulco,#hurricane,#Otis,#damaged",2024-01-01 00:00:00+00:00,2024-01-03 00:00:00+00:00
125,NikolaNem,https://www.openstreetmap.org/user/NikolaNem,20650056,10,421,"Mauritania,Guatemala,Iraq,Timor-Leste,Kenya",iD 2.21.1,297,40,24,50,4,6,0,0,0,0,0,50.0,3.0,0.0,1.0,0.0,0.0,0.0,0.0,"{""building"": 50}","{""building"": 3, ""highway"": 1, ""name"": 1}","#hotosm-project-11970,#Projet,#hotosm-project-12697,#OpenCitiesLAC,#hotdqi2022,#hotosm-project-14260,#missingmaps,#hotosm-project-15404,#Timor,#Avans2023211,#hotosm-project-14868",2024-01-01 00:00:00+00:00,2024-01-03 00:00:00+00:00
126,Ra√∫l Ab,https://www.openstreetmap.org/user/Ra%C3%BAl%20Ab,20348432,4,420,"Uganda,Democratic Republic of the Congo",JOSM/1.5 (18822 es),386,0,0,29,5,0,0,0,0,0,0,0.0,0.0,29.0,5.0,0.0,0.0,0.0,0.0,"{""highway"": 29, ""surface"": 28}","{""highway"": 5, ""surface"": 3}","#hotosm-project-15883,#UNMappers,#MONUSCO,#DRC",2024-01-01 00:00:00+00:00,2024-01-03 00:00:00+00:00
127,Natalie Manrique,https://www.openstreetmap.org/user/Natalie%20Manrique,16191362,5,411,"Morocco,Mexico",iD 2.21.1,210,71,67,44,5,14,0,0,0,0,0,43.0,2.0,1.0,3.0,0.0,0.0,0.0,0.0,"{""building"": 43, ""destroyed:building"": 1, ""highway"": 1}","{""highway"": 3, ""building"": 2, ""source"": 1}","#hotosm-project-15476,#moroccoearthquake2023,#hotosm-project-15886,#mexico,#guerrero,#acapulco,#hurricane,#Otis,#damaged",2024-01-01 00:00:00+00:00,2024-01-03 00:00:00+00:00
128,Shandhivya,https://www.openstreetmap.org/user/Shandhivya,10395831,4,409,Sri Lanka,JOSM/1.5 (18583 en_GB),255,83,1,30,40,0,0,0,0,0,0,25.0,36.0,0.0,1.0,0.0,0.0,0.0,0.0,"{""building"": 25, ""landuse"": 5}","{""building"": 36, ""landuse"": 3, ""highway"": 1}","#hotosm-project-10746,#NDRSC-osm_workshop_2021",2024-01-01 00:00:00+00:00,2024-01-03 00:00:00+00:00
129,AndrewBraye,https://www.openstreetmap.org/user/AndrewBraye,499152,10,408,Sudan,iD 2.21.1,314,18,4,71,0,1,0,0,0,0,0,71.0,0.0,0.0,0.0,0.0,0.0,0.0,0.0,"{""building"": 71}",{},"#hotosm-project-15815,#msf,#missingmaps,#WestDarfur2023,#mmlondon",2024-01-01 00:00:00+00:00,2024-01-03 00:00:00+00:00
130,Sam Ward 3,https://www.openstreetmap.org/user/Sam%20Ward%203,20647108,17,407,Morocco,iD 2.21.1,322,0,0,80,5,0,0,0,0,0,0,80.0,1.0,0.0,2.0,0.0,0.0,0.0,0.0,"{""building"": 80}","{""source"": 3, ""landuse"": 2, ""highway"": 2, ""building"": 1}","#hotosm-project-15476,#moroccoearthquake2023",2024-01-01 00:00:00+00:00,2024-01-03 00:00:00+00:00
131,jpark1290,https://www.openstreetmap.org/user/jpark1290,20522273,8,399,Honduras,iD 2.21.1,315,0,3,80,0,1,0,0,0,0,0,80.0,0.0,0.0,0.0,0.0,0.0,0.0,0.0,"{""building"": 80}",{},"#hotosm-project-15284,#bloomberg",2024-01-01 00:00:00+00:00,2024-01-03 00:00:00+00:00
132,Abulfazl Safdari,https://www.openstreetmap.org/user/Abulfazl%20Safdari,18081514,11,394,,iD 2.21.1,296,24,1,69,4,0,0,0,0,0,0,69.0,2.0,0.0,0.0,0.0,0.0,0.0,0.0,"{""building"": 69}","{""landuse"": 2, ""building"": 2}","#hotosm-project-15818,#YouthMappers,#OSMPhilippines,#PnM2023,#YMPH,#OMGuru",2024-01-01 00:00:00+00:00,2024-01-03 00:00:00+00:00
133,JackNUMBER,https://www.openstreetmap.org/user/JackNUMBER,4846986,3,389,Morocco,JOSM/1.5 (18907 en),294,55,13,16,10,1,0,0,0,0,0,11.0,4.0,0.0,2.0,5.0,4.0,0.0,0.0,"{""building"": 11, ""waterway"": 5}","{""waterway"": 4, ""building"": 4, ""highway"": 2}","#hotosm-project-15478,#moroccoearthquake2023",2024-01-01 00:00:00+00:00,2024-01-03 00:00:00+00:00
134,Anisa Dhakal,https://www.openstreetmap.org/user/Anisa%20Dhakal,11171620,1,378,Nepal,JOSM/1.5 (18646 en),80,286,3,2,7,0,0,0,0,0,0,1.0,7.0,0.0,0.0,0.0,0.0,0.0,0.0,"{""landuse"": 1, ""building"": 1}","{""building"": 7}","#hotosm-project-15756,#nepalearthquake2023,#disasterresponse,#osmnepal,#rukumearthquake",2024-01-01 00:00:00+00:00,2024-01-03 00:00:00+00:00
135,jaggededge,https://www.openstreetmap.org/user/jaggededge,6345222,12,377,Honduras,JOSM/1.5 (18822 en),27,337,2,7,4,0,0,0,0,0,0,7.0,4.0,0.0,0.0,0.0,0.0,0.0,0.0,"{""building"": 7}","{""building"": 4}","#hotosm-project-15064,#adt",2024-01-01 00:00:00+00:00,2024-01-03 00:00:00+00:00
136,Santiago Gonz√°lez G√≥mez,https://www.openstreetmap.org/user/Santiago%20Gonz%C3%A1lez%20G%C3%B3mez,20727160,4,370,Colombia,JOSM/1.5 (18907 en),230,87,1,44,8,0,0,0,0,0,4,37.0,2.0,5.0,4.0,0.0,1.0,1.0,1.0,"{""building"": 37, ""building:levels"": 6, ""highway"": 5, ""noname"": 2, ""surface"": 2, ""lanes"": 1, ""oneway"": 1, ""landuse"": 1, ""access"": 1, ""amenity"": 1, ""fee"": 1, ""parking"": 1, ""payment:cash"": 1}","{""highway"": 4, ""name"": 3, ""noname"": 3, ""fixme"": 2, ""natural"": 2, ""surface"": 2, ""building"": 2, ""building:levels"": 2, ""name:en"": 1, ""waterway"": 1, ""lanes"": 1, ""oneway"": 1, ""fishing"": 1, ""intermittent"": 1, ""water"": 1, ""access"": 1, ""amenity"": 1, ""fee"": 1, ""parking"": 1, ""payment:cash"": 1, ""house"": 1, ""smoking"": 1, ""bicycle"": 1, ""foot"": 1}","#hotosm-project-15821,#Mapeo_San_Antonio,#YouthMappers_GeoLab",2024-01-01 00:00:00+00:00,2024-01-03 00:00:00+00:00
137,marco443,https://www.openstreetmap.org/user/marco443,1886646,3,348,Brazil,iD 2.21.1,276,5,2,64,1,0,0,0,0,0,0,64.0,0.0,0.0,1.0,0.0,0.0,0.0,0.0,"{""building"": 64}","{""highway"": 1}",#hotosm-project-15274,2024-01-01 00:00:00+00:00,2024-01-03 00:00:00+00:00
138,martien-176,https://www.openstreetmap.org/user/martien-176,9621269,8,334,Ecuador,JOSM/1.5 (18907 en),202,62,9,48,12,1,0,0,0,0,0,48.0,8.0,0.0,4.0,0.0,0.0,0.0,0.0,"{""building"": 48}","{""building"": 8, ""highway"": 4}","#hotosm-project-15818,#YouthMappers,#OSMPhilippines,#PnM2023,#YMPH,#OMGuru,#hotosm-project-15525,#SGR_HOT_2023",2024-01-01 00:00:00+00:00,2024-01-03 00:00:00+00:00
139,bentoye_007,https://www.openstreetmap.org/user/bentoye_007,20733925,2,333,Nigeria,iD 2.21.1,268,0,0,65,0,0,0,0,0,0,0,65.0,0.0,0.0,0.0,0.0,0.0,0.0,0.0,"{""building"": 65}",{},"#hotosm-project-14735,#Maiduguri,#msf,#missingmaps,#maiduguri2023",2024-01-01 00:00:00+00:00,2024-01-03 00:00:00+00:00
140,tonybendell,https://www.openstreetmap.org/user/tonybendell,3620803,3,310,Morocco,JOSM/1.5 (18622 en_GB),82,57,121,14,6,30,0,0,0,0,0,12.0,0.0,2.0,4.0,0.0,0.0,0.0,0.0,"{""building"": 12, ""highway"": 2, ""surface"": 1}","{""highway"": 4, ""surface"": 2, ""landuse"": 1, ""name"": 1, ""old_ref"": 1, ""ref"": 1, ""natural"": 1}","#hotosm-project-15477,#moroccoearthquake2023",2024-01-01 00:00:00+00:00,2024-01-03 00:00:00+00:00
141,Sangeeta BC,https://www.openstreetmap.org/user/Sangeeta%20BC,13203366,4,307,"Nepal,Afghanistan",JOSM/1.5 (18822 en),98,50,118,4,23,14,0,0,0,0,0,1.0,9.0,3.0,12.0,0.0,0.0,0.0,0.0,"{""highway"": 3, ""building"": 1}","{""highway"": 12, ""building"": 9, ""natural"": 1, ""landuse"": 1}","#hotosm-project-15756,#nepalearthquake2023,#disasterresponse,#osmnepal,#rukumearthquake,#hotosm-project-15658,#AfghanistanEarthquake2023,#APHub,#hotosm-project-15755,#jajarkotearthquake",2024-01-01 00:00:00+00:00,2024-01-03 00:00:00+00:00
142,MarcelGIS,https://www.openstreetmap.org/user/MarcelGIS,4612204,14,305,Honduras,iD 2.21.1,252,1,0,52,0,0,0,0,0,0,0,52.0,0.0,0.0,0.0,0.0,0.0,0.0,0.0,"{""building"": 52}",{},"#hotosm-project-15291,#accenture,#acnfy24",2024-01-01 00:00:00+00:00,2024-01-03 00:00:00+00:00
143,Ben Vanderford,https://www.openstreetmap.org/user/Ben%20Vanderford,17414246,3,291,Kenya,iD 2.21.1,174,56,20,36,0,5,0,0,0,0,0,36.0,0.0,0.0,0.0,0.0,0.0,0.0,0.0,"{""building"": 36}",{},"#hotosm-project-15738,#msf,#missingmaps,#homabay2023",2024-01-01 00:00:00+00:00,2024-01-03 00:00:00+00:00
144,gregorywpower,https://www.openstreetmap.org/user/gregorywpower,20042316,2,290,Sudan,"iD 2.21.1,JOSM/1.5 (18907 en)",236,2,0,52,0,0,0,0,0,0,0,52.0,0.0,0.0,0.0,0.0,0.0,0.0,0.0,"{""building"": 52}",{},"#hotosm-project-15352,#missingmaps,#2023sudanconflict",2024-01-01 00:00:00+00:00,2024-01-03 00:00:00+00:00
145,beza208,https://www.openstreetmap.org/user/beza208,8905145,1,289,Jordan,JOSM/1.5 (18822 en),58,206,8,12,5,0,0,0,0,0,0,12.0,4.0,0.0,1.0,0.0,0.0,0.0,0.0,"{""building"": 12}","{""building"": 4, ""highway"": 1, ""addr:city"": 1}","#hotosm-project-15000,#Azraqwetland,#MapJordan",2024-01-01 00:00:00+00:00,2024-01-03 00:00:00+00:00
146,redosm01,https://www.openstreetmap.org/user/redosm01,1803111,4,281,Niger,JOSM/1.5 (18907 en_GB),238,0,0,43,0,0,0,0,0,0,0,43.0,0.0,0.0,0.0,0.0,0.0,0.0,0.0,"{""building"": 43}",{},"#hotosm-project-9443,#missingmaps,#redcross",2024-01-01 00:00:00+00:00,2024-01-03 00:00:00+00:00
147,Nicolelaine,https://www.openstreetmap.org/user/Nicolelaine,2997398,5,275,Sudan,iD 2.21.1,238,0,0,37,0,0,0,0,0,0,0,37.0,0.0,0.0,0.0,0.0,0.0,0.0,0.0,"{""building"": 37}",{},"#hotosm-project-15815,#msf,#missingmaps,#WestDarfur2023,#mmlondon",2024-01-01 00:00:00+00:00,2024-01-03 00:00:00+00:00
148,zoubinnaba,https://www.openstreetmap.org/user/zoubinnaba,5113626,5,246,Togo,JOSM/1.5 (18904 fr),62,111,39,11,20,3,0,0,0,0,0,11.0,10.0,0.0,10.0,0.0,0.0,0.0,0.0,"{""building"": 11}","{""highway"": 10, ""building"": 10, ""source"": 7, ""surface"": 7}","#hotosm-project-15862,#Map4Tg,#OSMTogo,#OSMNEXTGEN2023",2024-01-01 00:00:00+00:00,2024-01-03 00:00:00+00:00
149,WWoodman,https://www.openstreetmap.org/user/WWoodman,469535,2,243,Morocco,iD 2.21.1,223,0,0,14,6,0,0,0,0,0,0,4.0,0.0,10.0,5.0,0.0,0.0,0.0,0.0,"{""highway"": 10, ""building"": 4}","{""highway"": 5, ""power"": 1}","#hotosm-project-15476,#moroccoearthquake2023",2024-01-01 00:00:00+00:00,2024-01-03 00:00:00+00:00
150,Nature K,https://www.openstreetmap.org/user/Nature%20K,20673311,1,239,Morocco,iD 2.21.1,215,0,0,22,2,0,0,0,0,0,0,14.0,0.0,8.0,2.0,0.0,0.0,0.0,0.0,"{""building"": 14, ""highway"": 8}","{""highway"": 2, ""surface"": 1}","#hotosm-project-15476,#moroccoearthquake2023,#msfk,#msfk23",2024-01-01 00:00:00+00:00,2024-01-03 00:00:00+00:00
151,Oliver Grattoni-May,https://www.openstreetmap.org/user/Oliver%20Grattoni-May,13334925,2,227,"El Salvador,South Sudan",iD 2.21.1,0,4,208,0,0,15,0,0,0,0,0,,,,,,,,,{},{},"#hotosm-project-13895,#OpenCitiesLAC,#hotosm-project-15802,#MissingMaps_DRK,#redcross,#missingmaps",2024-01-01 00:00:00+00:00,2024-01-03 00:00:00+00:00
152,Camille_Ong,https://www.openstreetmap.org/user/Camille_Ong,15138678,7,219,Honduras,iD 2.21.1,180,0,0,38,1,0,0,0,0,0,0,38.0,1.0,0.0,0.0,0.0,0.0,0.0,0.0,"{""building"": 38}","{""building"": 1}","#hotosm-project-15268,#jpmc",2024-01-01 00:00:00+00:00,2024-01-03 00:00:00+00:00
153,Akinyi Winnie O,https://www.openstreetmap.org/user/Akinyi%20Winnie%20O,20724200,20,211,Kenya,iD 2.21.1,186,0,0,20,5,0,0,0,0,0,0,9.0,0.0,2.0,2.0,1.0,0.0,0.0,0.0,"{""building"": 9, ""landuse"": 8, ""layer"": 3, ""highway"": 2, ""waterway"": 1}","{""landuse"": 3, ""highway"": 2, ""surface"": 1}","#hotosm-project-15814,#BeyondtheMap,#MappingLaikipia,#Sipili",2024-01-01 00:00:00+00:00,2024-01-03 00:00:00+00:00
154,Joseph BLP ADSK,https://www.openstreetmap.org/user/Joseph%20BLP%20ADSK,20795997,6,200,Morocco,iD 2.21.1,177,0,0,21,2,0,0,0,0,0,0,15.0,1.0,0.0,0.0,0.0,0.0,0.0,0.0,"{""building"": 15, ""landuse"": 3, ""barrier"": 2, ""leisure"": 1}","{""barrier"": 1, ""building"": 1}","#hotosm-project-15476,#moroccoearthquake2023",2024-01-01 00:00:00+00:00,2024-01-03 00:00:00+00:00
155,sab27,https://www.openstreetmap.org/user/sab27,4367139,2,199,Afghanistan,JOSM/1.5 (18772 en_GB),47,133,4,9,6,0,0,0,0,0,0,9.0,6.0,0.0,0.0,0.0,0.0,0.0,0.0,"{""building"": 9}","{""building"": 6}","#hotosm-project-15658,#AfghanistanEarthquake2023,#APHub",2024-01-01 00:00:00+00:00,2024-01-03 00:00:00+00:00
156,tRxA1GvKzIjR,https://www.openstreetmap.org/user/tRxA1GvKzIjR,10992206,7,185,South Africa,iD 2.21.1,134,24,0,26,1,0,0,0,0,0,0,26.0,1.0,0.0,0.0,0.0,0.0,0.0,0.0,"{""building"": 26}","{""building"": 1}","#hotosm-project-12598,#DurbanFloods",2024-01-01 00:00:00+00:00,2024-01-03 00:00:00+00:00
157,Mitch Gardiner,https://www.openstreetmap.org/user/Mitch%20Gardiner,14112701,2,181,Morocco,iD 2.21.1,77,16,56,16,3,13,0,0,0,0,0,15.0,1.0,1.0,2.0,0.0,0.0,0.0,0.0,"{""building"": 15, ""highway"": 1}","{""highway"": 2, ""building"": 1}","#hotosm-project-15476,#moroccoearthquake2023",2024-01-01 00:00:00+00:00,2024-01-03 00:00:00+00:00
158,MeganMaps,https://www.openstreetmap.org/user/MeganMaps,17800485,7,172,Jamaica,iD 2.21.1,28,69,61,7,0,7,0,0,0,0,0,7.0,0.0,0.0,0.0,0.0,0.0,0.0,0.0,"{""building"": 7}",{},"#hotosm-project-15831,#WCDRRinJamaica",2024-01-01 00:00:00+00:00,2024-01-03 00:00:00+00:00
159,kanyipi,https://www.openstreetmap.org/user/kanyipi,20241745,3,168,Morocco,iD 2.21.1,114,32,12,5,5,0,0,0,0,0,0,0.0,0.0,5.0,5.0,0.0,0.0,0.0,0.0,"{""highway"": 5}","{""highway"": 5}","#hotosm-project-15476,#moroccoearthquake2023",2024-01-01 00:00:00+00:00,2024-01-03 00:00:00+00:00
160,Echezonachi,https://www.openstreetmap.org/user/Echezonachi,11702671,8,167,Sudan,JOSM/1.5 (18700 en),132,3,0,32,0,0,0,0,0,0,0,32.0,0.0,0.0,0.0,0.0,0.0,0.0,0.0,"{""building"": 32}",{},"#hotosm-project-15352,#missingmaps,#2023sudanconflict",2024-01-01 00:00:00+00:00,2024-01-03 00:00:00+00:00
161,Rebecca Shames,https://www.openstreetmap.org/user/Rebecca%20Shames,11097248,33,165,Honduras,iD 2.21.1,132,0,0,33,0,0,0,0,0,0,0,33.0,0.0,0.0,0.0,0.0,0.0,0.0,0.0,"{""building"": 33}",{},"#hotosm-project-15289,#hogan",2024-01-01 00:00:00+00:00,2024-01-03 00:00:00+00:00
162,DmitriyAG,https://www.openstreetmap.org/user/DmitriyAG,20476374,1,165,United Republic of Tanzania,iD 2.21.1,134,0,0,31,0,0,0,0,0,0,0,31.0,0.0,0.0,0.0,0.0,0.0,0.0,0.0,"{""building"": 31}",{},"#hotosm-project-11788,#TanzaniaDevelopmentTrust,#Tanzania,#missingmaps",2024-01-01 00:00:00+00:00,2024-01-03 00:00:00+00:00
163,Sayan_P,https://www.openstreetmap.org/user/Sayan_P,19973705,3,155,Kenya,iD 2.21.1,127,0,0,28,0,0,0,0,0,0,0,28.0,0.0,0.0,0.0,0.0,0.0,0.0,0.0,"{""building"": 28}",{},#hotosm-project-14868,2024-01-01 00:00:00+00:00,2024-01-03 00:00:00+00:00
164,Shikha Nepal,https://www.openstreetmap.org/user/Shikha%20Nepal,19563455,2,144,Nepal,JOSM/1.5 (18907 en),112,0,3,28,0,1,0,0,0,0,0,28.0,0.0,0.0,0.0,0.0,0.0,0.0,0.0,"{""building"": 28}",{},"#hotosm-project-15841,#NepalgunjSM,#GreenShiftNepal,#EU,#YI-Lab,#WasteFellowship2023",2024-01-01 00:00:00+00:00,2024-01-03 00:00:00+00:00
165,kc623,https://www.openstreetmap.org/user/kc623,19855546,5,139,Honduras,iD 2.21.1,114,0,0,25,0,0,0,0,0,0,0,25.0,0.0,0.0,0.0,0.0,0.0,0.0,0.0,"{""building"": 25}",{},"#hotosm-project-15291,#accenture,#acnfy24",2024-01-01 00:00:00+00:00,2024-01-03 00:00:00+00:00
166,[Username],https://www.openstreetmap.org/user/%5BUsername%5D,19863893,1,138,Kenya,iD 2.21.1,16,118,0,3,1,0,0,0,0,0,0,3.0,1.0,0.0,0.0,0.0,0.0,0.0,0.0,"{""building"": 3}","{""building"": 1}","#hotosm-project-15732,#msf,#missingmaps,#homabay2023",2024-01-01 00:00:00+00:00,2024-01-03 00:00:00+00:00
167,Minedani129,https://www.openstreetmap.org/user/Minedani129,8632122,1,137,Malawi,iD 2.21.1,125,1,0,7,4,0,0,0,0,0,0,0.0,0.0,5.0,2.0,2.0,2.0,0.0,0.0,"{""highway"": 5, ""waterway"": 2, ""intermittent"": 1}","{""highway"": 2, ""waterway"": 2, ""surface"": 1}",#hotosm-project-14937,2024-01-01 00:00:00+00:00,2024-01-03 00:00:00+00:00
168,martinairmaps,https://www.openstreetmap.org/user/martinairmaps,3376734,7,124,Zambia,iD 2.21.1,100,2,1,8,13,0,0,0,0,0,0,1.0,0.0,7.0,12.0,0.0,0.0,0.0,1.0,"{""highway"": 7, ""building"": 1}","{""highway"": 12, ""noname"": 2, ""noref"": 2, ""surface"": 2, ""amenity"": 1}","#hotosm-project-12686,#mapwithAI,#Zambia",2024-01-01 00:00:00+00:00,2024-01-03 00:00:00+00:00
169,KRV2023,https://www.openstreetmap.org/user/KRV2023,20707718,3,119,Morocco,iD 2.21.1,97,0,0,22,0,0,0,0,0,0,0,22.0,0.0,0.0,0.0,0.0,0.0,0.0,0.0,"{""building"": 22}",{},"#hotosm-project-15478,#moroccoearthquake2023",2024-01-01 00:00:00+00:00,2024-01-03 00:00:00+00:00
170,Ernesto Sandoval,https://www.openstreetmap.org/user/Ernesto%20Sandoval,20483160,1,107,Brazil,iD 2.21.1,0,0,0,107,0,0,0,0,0,0,0,107.0,0.0,0.0,0.0,0.0,0.0,0.0,0.0,"{""building"": 107}",{},"#hotosm-project-15707,#Mapeamento,#Brasil,#Mapeia-Bel√©m-2023,#UmbraOsm",2024-01-01 00:00:00+00:00,2024-01-03 00:00:00+00:00
171,Rachel-Anne Latella,https://www.openstreetmap.org/user/Rachel-Anne%20Latella,13503912,3,107,United Republic of Tanzania,iD 2.21.1,86,0,0,21,0,0,0,0,0,0,0,21.0,0.0,0.0,0.0,0.0,0.0,0.0,0.0,"{""building"": 21}",{},"#hotosm-project-11788,#TanzaniaDevelopmentTrust,#Tanzania,#missingmaps",2024-01-01 00:00:00+00:00,2024-01-03 00:00:00+00:00
172,Barajasss,https://www.openstreetmap.org/user/Barajasss,14582446,4,105,Ecuador,JOSM/1.5 (18583 en),41,42,17,0,4,1,0,0,0,0,0,0.0,0.0,0.0,1.0,0.0,3.0,0.0,0.0,{},"{""waterway"": 3, ""highway"": 1}","#hotosm-project-15526,#SGR_HOT_2023,#brigada_HUB_LAC,#UAMaps",2024-01-01 00:00:00+00:00,2024-01-03 00:00:00+00:00
173,PrinceOSM,https://www.openstreetmap.org/user/PrinceOSM,17871123,1,99,Sudan,iD 2.21.1,81,0,0,17,1,0,0,0,0,0,0,17.0,0.0,0.0,1.0,0.0,0.0,0.0,0.0,"{""building"": 17}","{""highway"": 1}","#hotosm-project-15352,#missingmaps,#2023sudanconflict",2024-01-01 00:00:00+00:00,2024-01-03 00:00:00+00:00
174,YahyaMamoun,https://www.openstreetmap.org/user/YahyaMamoun,14767170,2,97,Jordan,iD 2.21.1,80,0,0,17,0,0,0,0,0,0,0,17.0,0.0,0.0,0.0,0.0,0.0,0.0,0.0,"{""building"": 17}",{},"#hotosm-project-15000,#Azraqwetland,#MapJordan",2024-01-01 00:00:00+00:00,2024-01-03 00:00:00+00:00
175,Aachal312,https://www.openstreetmap.org/user/Aachal312,18313656,2,95,"India,Nepal","JOSM/1.5 (18822 en),iD 2.21.1",85,0,0,7,3,0,0,0,0,0,0,3.0,1.0,4.0,2.0,0.0,0.0,0.0,0.0,"{""highway"": 4, ""building"": 3}","{""highway"": 2, ""source"": 2, ""building"": 1}","#hotosm-project-15756,#nepalearthquake2023,#disasterresponse,#osmnepal,#rukumearthquake",2024-01-01 00:00:00+00:00,2024-01-03 00:00:00+00:00
176,MujM,https://www.openstreetmap.org/user/MujM,17151767,1,94,Morocco,iD 2.21.1,76,0,0,18,0,0,0,0,0,0,0,18.0,0.0,0.0,0.0,0.0,0.0,0.0,0.0,"{""building"": 18}",{},"#hotosm-project-15478,#moroccoearthquake2023",2024-01-01 00:00:00+00:00,2024-01-03 00:00:00+00:00
177,Chabota Munachoonga,https://www.openstreetmap.org/user/Chabota%20Munachoonga,5323285,3,93,"Libyan Arab Jamahiriya,Zambia",JOSM/1.5 (18822 en),80,0,0,13,0,0,0,0,0,0,0,13.0,0.0,0.0,0.0,0.0,0.0,0.0,0.0,"{""building"": 13}",{},"#hotosm-project-10218,#OSMGeoWeek,#MapLibya,#LNSDI,#MapTripoli,#LNDTI,#missingmaps,#Vegetation,#LandUseLandCover,#Buildings,#Infrastructure,#StreetsRoads,#Water,#Soil,#Air,#hotosm-project-12248,#zambia-census,#amm",2024-01-01 00:00:00+00:00,2024-01-03 00:00:00+00:00
178,Opdavid,https://www.openstreetmap.org/user/Opdavid,20785403,17,92,Morocco,iD 2.21.1,9,55,1,17,10,0,0,0,0,0,0,17.0,10.0,0.0,0.0,0.0,0.0,0.0,0.0,"{""building"": 17, ""name"": 16, ""layer"": 1}","{""building"": 10, ""name"": 7}","#hotosm-project-15476,#moroccoearthquake2023,#hotosm-project-15478",2024-01-01 00:00:00+00:00,2024-01-03 00:00:00+00:00
179,Patd97,https://www.openstreetmap.org/user/Patd97,10548172,3,90,Dominican Republic,iD 2.21.1,80,0,0,7,3,0,0,0,0,0,0,0.0,0.0,4.0,2.0,0.0,0.0,0.0,0.0,"{""highway"": 4, ""landuse"": 3, ""name:es"": 1}","{""highway"": 2, ""landuse"": 1}","#hotosm-project-15827,#LACAnticipatoryMapping,#ADEGA",2024-01-01 00:00:00+00:00,2024-01-03 00:00:00+00:00
180,Gupta321,https://www.openstreetmap.org/user/Gupta321,16174600,1,90,Nepal,JOSM/1.5 (18907 en),44,0,28,11,0,7,0,0,0,0,0,11.0,0.0,0.0,0.0,0.0,0.0,0.0,0.0,"{""building"": 11}",{},"#hotosm-project-10089,#BIPAD,#YILAB,#Ramechhap,#DigitalVolunteers",2024-01-01 00:00:00+00:00,2024-01-03 00:00:00+00:00
181,SeaLight98,https://www.openstreetmap.org/user/SeaLight98,20726913,1,86,Sudan,iD 2.21.1,77,4,0,4,1,0,0,0,0,0,0,4.0,1.0,0.0,0.0,0.0,0.0,0.0,0.0,"{""building"": 4}","{""building"": 1}","#hotosm-project-15815,#msf,#missingmaps,#WestDarfur2023,#mmlondon",2024-01-01 00:00:00+00:00,2024-01-03 00:00:00+00:00
182,ROJLP,https://www.openstreetmap.org/user/ROJLP,1240569,1,85,Philippines,iD 2.21.1,68,0,0,17,0,0,0,0,0,0,0,0.0,0.0,0.0,0.0,0.0,0.0,0.0,0.0,"{""aquaculture"": 17, ""landuse"": 17, ""seamark:type"": 17}",{},"#hotosm-project-15634,#agoncillobatangas,#osmph,#aphub",2024-01-01 00:00:00+00:00,2024-01-03 00:00:00+00:00
183,Anaximandre,https://www.openstreetmap.org/user/Anaximandre,4516620,1,79,Morocco,JOSM/1.5 (18907 fr),56,0,8,13,0,1,1,0,0,0,0,12.0,0.0,0.0,0.0,0.0,0.0,0.0,0.0,"{""building"": 12, ""type"": 1}",{},"#hotosm-project-15476,#moroccoearthquake2023",2024-01-01 00:00:00+00:00,2024-01-03 00:00:00+00:00
184,Filip Lungoci,https://www.openstreetmap.org/user/Filip%20Lungoci,20747443,2,76,South Africa,iD 2.21.1,50,15,2,5,4,0,0,0,0,0,0,5.0,4.0,0.0,0.0,0.0,0.0,0.0,0.0,"{""building"": 5}","{""building"": 4}","#hotosm-project-12598,#DurbanFloods",2024-01-01 00:00:00+00:00,2024-01-03 00:00:00+00:00
185,Masskpante,https://www.openstreetmap.org/user/Masskpante,7287846,10,74,Togo,JOSM/1.5 (18907 fr),47,16,0,11,0,0,0,0,0,0,0,8.0,0.0,0.0,0.0,0.0,0.0,0.0,0.0,"{""building"": 8}",{},"#hotosm-project-15862,#Map4Tg,#OSMTogo,#OSMNEXTGEN2023",2024-01-01 00:00:00+00:00,2024-01-03 00:00:00+00:00
186,bmardyan,https://www.openstreetmap.org/user/bmardyan,17392059,2,74,Indonesia,iD 2.21.1,32,24,8,8,0,2,0,0,0,0,0,8.0,0.0,0.0,0.0,0.0,0.0,0.0,0.0,"{""building"": 8}",{},"#hotosm-project-12199,#GerakanPramukaPilotProject,#OMHAP2022,#WOSM",2024-01-01 00:00:00+00:00,2024-01-03 00:00:00+00:00
187,sagarawrz07,https://www.openstreetmap.org/user/sagarawrz07,4831756,2,69,El Salvador,JOSM/1.5 (18822 en),24,31,7,2,5,0,0,0,0,0,0,2.0,5.0,0.0,0.0,0.0,0.0,0.0,0.0,"{""building"": 2}","{""building"": 5}","#hotosm-project-14085,#awsmapathon,#mappingbuildingsrealigned,#mappingbuildings",2024-01-01 00:00:00+00:00,2024-01-03 00:00:00+00:00
188,Mercy14846,https://www.openstreetmap.org/user/Mercy14846,9449463,1,64,Nigeria,JOSM/1.5 (18822 en),0,64,0,0,0,0,0,0,0,0,0,,,,,,,,,{},{},"#hotosm-project-9253,#MapGive,#PEPFAR,#Maxar,#MapGiveMaxarMapathon,#youthmappersfuta",2024-01-01 00:00:00+00:00,2024-01-03 00:00:00+00:00
189,Lalit_IAAS,https://www.openstreetmap.org/user/Lalit_IAAS,11589667,1,64,Nepal,JOSM/1.5 (18772 en),22,32,4,1,4,1,0,0,0,0,0,0.0,0.0,1.0,4.0,0.0,0.0,0.0,0.0,"{""highway"": 1}","{""highway"": 4, ""surface"": 2}","#hotosm-project-15755,#nepalearthquake2023,#disasterresponse,#osmnepal,#jajarkotearthquake",2024-01-01 00:00:00+00:00,2024-01-03 00:00:00+00:00
190,Piet1688,https://www.openstreetmap.org/user/Piet1688,8850582,2,58,Libyan Arab Jamahiriya,iD 2.21.1,53,0,0,2,3,0,0,0,0,0,0,0.0,0.0,2.0,3.0,0.0,0.0,0.0,0.0,"{""highway"": 2}","{""highway"": 3}","#hotosm-project-10263,#OSMGeoWeek,#MapLibya,#LNSDI,#MapTripoli,#LNDTI,#missingmaps,#Vegetation,#LandUseLandCover,#Buildings,#Infrastructure,#StreetsRoads,#Water,#Soil,#Air",2024-01-01 00:00:00+00:00,2024-01-03 00:00:00+00:00
191,Huygens_Jnr,https://www.openstreetmap.org/user/Huygens_Jnr,17385311,2,58,Nigeria,JOSM/1.5 (18822 en),44,4,0,10,0,0,0,0,0,0,0,10.0,0.0,0.0,0.0,0.0,0.0,0.0,0.0,"{""building"": 10}",{},"#hotosm-task-313,#YouthMappers,#YouthMappersOAU",2024-01-01 00:00:00+00:00,2024-01-03 00:00:00+00:00
192,ÍπÄ Î•òÏù¥,https://www.openstreetmap.org/user/%EA%B9%80%20%EB%A5%98%EC%9D%B4,19631962,10,57,Sudan,iD 2.21.1,46,0,0,10,1,0,0,0,0,0,0,10.0,1.0,0.0,0.0,0.0,0.0,0.0,0.0,"{""building"": 10}","{""building"": 1}","#hotosm-project-15352,#missingmaps,#2023sudanconflict",2024-01-01 00:00:00+00:00,2024-01-03 00:00:00+00:00
193,Lingjun Dai,https://www.openstreetmap.org/user/Lingjun%20Dai,16657010,1,55,,iD 2.21.1,4,46,2,1,2,0,0,0,0,0,0,1.0,2.0,0.0,0.0,0.0,0.0,0.0,0.0,"{""building"": 1}","{""building"": 2}","#hotosm-project-15818,#YouthMappers,#OSMPhilippines,#PnM2023,#YMPH,#OMGuru",2024-01-01 00:00:00+00:00,2024-01-03 00:00:00+00:00
194,Autre for Nepal,https://www.openstreetmap.org/user/Autre%20for%20Nepal,2876676,5,55,Japan,iD 2.21.1,15,29,4,2,4,1,0,0,0,0,0,2.0,0.0,0.0,4.0,0.0,0.0,0.0,0.0,"{""building"": 2}","{""highway"": 4, ""source"": 4}","#hotosm-project-9023,#KumaRiver,#CrisisMappersJAPAN,#FuruhashiLab,#DRONEBIRD",2024-01-01 00:00:00+00:00,2024-01-03 00:00:00+00:00
195,santybm,https://www.openstreetmap.org/user/santybm,701515,1,53,Colombia,iD 2.21.1,46,0,0,7,0,0,0,0,0,0,0,7.0,0.0,0.0,0.0,0.0,0.0,0.0,0.0,"{""building"": 7}",{},"#hotosm-project-7926,#MigrationCrisisDarien,#OSMCol,#hotmicrogrants2019",2024-01-01 00:00:00+00:00,2024-01-03 00:00:00+00:00
196,SColchester,https://www.openstreetmap.org/user/SColchester,2708355,2,40,Sudan,JOSM/1.5 (18570 en_GB),34,0,0,6,0,0,0,0,0,0,0,6.0,0.0,0.0,0.0,0.0,0.0,0.0,0.0,"{""building"": 6}",{},"#hotosm-project-15352,#missingmaps,#2023sudanconflict",2024-01-01 00:00:00+00:00,2024-01-03 00:00:00+00:00
197,Rabina Poudyal,https://www.openstreetmap.org/user/Rabina%20Poudyal,13031156,1,40,United Republic of Tanzania,iD 2.21.1,32,0,0,8,0,0,0,0,0,0,0,8.0,0.0,0.0,0.0,0.0,0.0,0.0,0.0,"{""building"": 8}",{},"#hotosm-project-12760,#YouthMappers,#FloodRiskMapping,#IDFMPyouthledproject",2024-01-01 00:00:00+00:00,2024-01-03 00:00:00+00:00
198,Faheem Chui,https://www.openstreetmap.org/user/Faheem%20Chui,17310942,2,31,Honduras,JOSM/1.5 (18822 en),0,28,0,0,3,0,0,0,0,0,0,0.0,3.0,0.0,0.0,0.0,0.0,0.0,0.0,{},"{""building"": 3}","#hotosm-project-15288,#accenture,#acnfy24,#hotosm-project-15289,#hogan",2024-01-01 00:00:00+00:00,2024-01-03 00:00:00+00:00
199,Daniel Specht,https://www.openstreetmap.org/user/Daniel%20Specht,2393795,4,29,Afghanistan,JOSM/1.5 (18907 en),10,0,2,1,15,1,0,0,0,0,0,0.0,0.0,1.0,14.0,0.0,0.0,0.0,0.0,"{""highway"": 1, ""surface"": 1}","{""highway"": 14, ""surface"": 7, ""name"": 2, ""construction"": 2, ""condition"": 1, ""lanes"": 1, ""maxspeed"": 1, ""oneway"": 1, ""ref"": 1, ""shoulder:width"": 1, ""surface:thickness"": 1, ""width"": 1, ""construction:railway"": 1, ""electrified"": 1, ""gauge"": 1, ""proposed"": 1, ""railway"": 1}","#hotosm-project-15693,#AfghanistanEarthquake2023,#APHub",2024-01-01 00:00:00+00:00,2024-01-03 00:00:00+00:00
200,eitaned,https://www.openstreetmap.org/user/eitaned,12690142,1,28,India,iD 2.21.1,22,0,0,5,1,0,0,0,0,0,0,5.0,0.0,0.0,0.0,0.0,0.0,0.0,0.0,"{""building"": 5}","{""landuse"": 1}",#hotosm-project-15843,2024-01-01 00:00:00+00:00,2024-01-03 00:00:00+00:00
201,ammu_the_kiran,https://www.openstreetmap.org/user/ammu_the_kiran,4827639,1,27,Morocco,iD 2.21.1,20,2,0,5,0,0,0,0,0,0,0,5.0,0.0,0.0,0.0,0.0,0.0,0.0,0.0,"{""building"": 5}",{},"#hotosm-project-15478,#moroccoearthquake2023",2024-01-01 00:00:00+00:00,2024-01-03 00:00:00+00:00
202,AKOUETE,https://www.openstreetmap.org/user/AKOUETE,4274094,3,25,Togo,JOSM/1.5 (18907 fr),12,8,2,2,1,0,0,0,0,0,0,2.0,1.0,0.0,0.0,0.0,0.0,0.0,0.0,"{""building"": 2}","{""building"": 1}","#hotosm-project-10167,#map4tg",2024-01-01 00:00:00+00:00,2024-01-03 00:00:00+00:00
203,Cooper EdwardsDoFe,https://www.openstreetmap.org/user/Cooper%20EdwardsDoFe,20770321,2,24,Lao People's Democratic Republic,iD 2.21.1,17,2,0,2,3,0,0,0,0,0,0,0.0,0.0,2.0,2.0,0.0,0.0,0.0,0.0,"{""highway"": 2, ""surface"": 1}","{""highway"": 2, ""surface"": 1, ""landuse"": 1}","#hotosm-project-14840,#osm-laos,#vientiane-capital,#xaithani-district,#laos",2024-01-01 00:00:00+00:00,2024-01-03 00:00:00+00:00
204,DMcDowall,https://www.openstreetmap.org/user/DMcDowall,8815318,1,24,Sudan,JOSM/1.5 (18907 en_GB),1,12,8,0,1,2,0,0,0,0,0,0.0,1.0,0.0,0.0,0.0,0.0,0.0,0.0,{},"{""building"": 1}","#hotosm-project-15352,#missingmaps,#2023sudanconflict",2024-01-01 00:00:00+00:00,2024-01-03 00:00:00+00:00
205,Mason urwin,https://www.openstreetmap.org/user/Mason%20urwin,20430393,2,23,"Colombia,India",iD 2.21.1,1,21,0,0,1,0,0,0,0,0,0,0.0,0.0,0.0,0.0,0.0,0.0,0.0,0.0,{},"{""landuse"": 1}","#hotosm-project-7926,#MigrationCrisisDarien,#OSMCol,#hotmicrogrants2019,#hotosm-project-15647,#OSMNorthEastIndia,#GREdFoundation",2024-01-01 00:00:00+00:00,2024-01-03 00:00:00+00:00
206,Peter Joseph Mbanga,https://www.openstreetmap.org/user/Peter%20Joseph%20Mbanga,14859859,2,22,United Republic of Tanzania,JOSM/1.5 (18427 en),20,0,0,2,0,0,0,0,0,0,0,2.0,0.0,0.0,0.0,0.0,0.0,0.0,0.0,"{""building"": 2}",{},#hotosm-project-9511,2024-01-01 00:00:00+00:00,2024-01-03 00:00:00+00:00
207,agudzhunov,https://www.openstreetmap.org/user/agudzhunov,20404217,12,22,Morocco,iD 2.21.1,10,2,0,1,9,0,0,0,0,0,2,0.0,0.0,0.0,10.0,0.0,1.0,0.0,0.0,"{""leisure"": 1}","{""highway"": 10, ""surface"": 7, ""lanes"": 5, ""crossing"": 2, ""name"": 2, ""source"": 1, ""waterway"": 1, ""wikidata"": 1, ""maxspeed"": 1, ""name:ar"": 1}","#hotosm-project-15476,#moroccoearthquake2023",2024-01-01 00:00:00+00:00,2024-01-03 00:00:00+00:00
208,SiemG,https://www.openstreetmap.org/user/SiemG,6521504,2,20,India,JOSM/1.5 (18907 nl),7,9,0,1,3,0,0,0,0,0,0,0.0,0.0,1.0,2.0,0.0,0.0,0.0,0.0,"{""highway"": 1}","{""name"": 2, ""highway"": 2, ""addr:city"": 1, ""addr:housenumber"": 1, ""addr:postcode"": 1, ""addr:street"": 1, ""addr:unit"": 1, ""leisure"": 1}",#hotosm-project-15843,2024-01-01 00:00:00+00:00,2024-01-03 00:00:00+00:00
209,Coehill,https://www.openstreetmap.org/user/Coehill,8290324,1,15,Nigeria,iD 2.21.1,13,0,0,2,0,0,0,0,0,0,0,2.0,0.0,0.0,0.0,0.0,0.0,0.0,0.0,"{""building"": 2}",{},"#hotosm-project-12361,#enswc,#waterandsanitation,#sdg",2024-01-01 00:00:00+00:00,2024-01-03 00:00:00+00:00
210,AdelYou,https://www.openstreetmap.org/user/AdelYou,9894760,3,15,Sudan,iD 2.21.1,12,0,0,3,0,0,0,0,0,0,0,3.0,0.0,0.0,0.0,0.0,0.0,0.0,0.0,"{""building"": 3}",{},"#hotosm-project-15352,#missingmaps,#2023sudanconflict",2024-01-01 00:00:00+00:00,2024-01-03 00:00:00+00:00
211,Latze,https://www.openstreetmap.org/user/Latze,2318,1,12,South Sudan,JOSM/1.5 (18931 de),6,5,0,0,1,0,0,0,0,0,0,0.0,0.0,0.0,1.0,0.0,0.0,0.0,0.0,{},"{""highway"": 1, ""name"": 1, ""ref"": 1, ""surface"": 1}","#hotosm-project-8099,#MapSouthSudan,#hotmicrogrants2020",2024-01-01 00:00:00+00:00,2024-01-03 00:00:00+00:00
212,Alice Barrett 2024,https://www.openstreetmap.org/user/Alice%20Barrett%202024,20803506,1,10,India,iD 2.21.1,8,0,0,2,0,0,0,0,0,0,0,2.0,0.0,0.0,0.0,0.0,0.0,0.0,0.0,"{""building"": 2}",{},"#hotosm-project-15647,#OSMNorthEastIndia,#GREdFoundation",2024-01-01 00:00:00+00:00,2024-01-03 00:00:00+00:00
213,Tsu-Yi Su,https://www.openstreetmap.org/user/Tsu-Yi%20Su,11583647,2,10,Chad,iD 2.21.1,8,0,0,2,0,0,0,0,0,0,0,2.0,0.0,0.0,0.0,0.0,0.0,0.0,0.0,"{""building"": 2}",{},"#hotosm-project-15708,#msf,#missingmaps,#Moissala2023",2024-01-01 00:00:00+00:00,2024-01-03 00:00:00+00:00
214,Raith Sienar,https://www.openstreetmap.org/user/Raith%20Sienar,20251058,1,9,Zambia,iD 2.21.1,8,0,0,1,0,0,0,0,0,0,0,1.0,0.0,0.0,0.0,0.0,0.0,0.0,0.0,"{""building"": 1}",{},"#hotosm-project-12248,#zambia-census,#amm",2024-01-01 00:00:00+00:00,2024-01-03 00:00:00+00:00
215,DRAWFI,https://www.openstreetmap.org/user/DRAWFI,20788654,1,5,India,iD 2.21.1,1,1,1,0,2,0,0,0,0,0,1,0.0,0.0,0.0,1.0,0.0,0.0,0.0,1.0,{},"{""healthcare"": 2, ""addr:district"": 1, ""addr:full"": 1, ""addr:postcode"": 1, ""addr:state"": 1, ""description"": 1, ""name"": 1, ""source"": 1, ""highway"": 1, ""amenity"": 1}","#hotosm-project-15647,#OSMNorthEastIndia,#GREdFoundation",2024-01-01 00:00:00+00:00,2024-01-03 00:00:00+00:00
216,Sarafat Islam,https://www.openstreetmap.org/user/Sarafat%20Islam,15378341,1,3,Morocco,iD 2.21.1,0,3,0,0,0,0,0,0,0,0,0,,,,,,,,,{},{},"#hotosm-project-15476,#moroccoearthquake2023",2024-01-01 00:00:00+00:00,2024-01-03 00:00:00+00:00
217,OpenSMSantos,https://www.openstreetmap.org/user/OpenSMSantos,20577417,1,1,Nepal,iD 2.21.1,1,0,0,0,0,0,0,0,0,1,0,0.0,0.0,0.0,0.0,0.0,0.0,0.0,0.0,"{""geological"": 1, ""natural"": 1}",{},"#hotosm-project-15756,#nepalearthquake2023,#disasterresponse,#osmnepal,#rukumearthquake",2024-01-01 00:00:00+00:00,2024-01-03 00:00:00+00:00
218,Emma Jeffery,https://www.openstreetmap.org/user/Emma%20Jeffery,20441922,1,1,Honduras,iD 2.21.1,0,1,0,0,0,0,0,0,0,0,0,,,,,,,,,{},{},"#hotosm-project-15289,#hogan",2024-01-01 00:00:00+00:00,2024-01-03 00:00:00+00:00
