rank,uid,profile,start_date,end_date,name,changesets,map_changes,highway_len_m,nodes.create,nodes.modify,nodes.delete,ways.create,ways.modify,ways.delete,relations.create,relations.modify,relations.delete,poi.create,poi.modify,building.create,building.modify,highway.create,highway.modify,waterway.create,waterway.modify,amenity.create,amenity.modify,countries,editors,hashtags,tags_create,tags_modify
1,11807790,https://www.openstreetmap.org/user/Aarogya%20Pandey,2023-10-05 00:00:00+00:00,2023-12-11 03:06:46+00:00,Aarogya Pandey,472.0,67605.0,170412.0,33901.0,25182.0,5539.0,671.0,1945.0,365.0,2.0,0.0,0.0,0.0,4.0,188.0,1341.0,470.0,531.0,9.0,42.0,0.0,0.0,"China,Nepal",JOSM/1.5 (18822 en),"#GuruArun,#GuruAayush,#hotosm-project-15638,#GuruRabina,#GuruSamrat,#deletedWatertag,#iTechKarnali,#hotosm-project-14898,#GuruDibikshya,#hotosm-project-15639,#SNRMPNepal,#cloudcover,#editedsharpnodes,#GuruShristi,#startnetwork,#mappingSaga,#aphub,#floatingpath,#OMGuru","{""highway"": 470, ""building"": 188, ""waterway"": 9, ""natural"": 3, ""type"": 2, ""surface"": 1, ""landuse"": 1, ""tracktype"": 1}","{""building"": 1341, ""highway"": 531, ""surface"": 99, ""name"": 98, ""waterway"": 42, ""source"": 30, ""natural"": 24, ""ref"": 6, ""description"": 5, ""name:ne"": 3, ""landuse"": 3, ""intermittent"": 3, ""tracktype"": 3, ""ford"": 3, ""water"": 2, ""ref:old"": 2, ""wheelchair"": 1, ""barrier"": 1, ""incline"": 1, ""smoothness"": 1, ""narrow"": 1, ""motorroad"": 1, ""width"": 1, ""oneway"": 1}"
2,13253207,https://www.openstreetmap.org/user/Shrestha%20Shristi,2023-10-05 00:00:00+00:00,2023-12-11 03:06:46+00:00,Shrestha Shristi,159.0,24612.0,65875.0,11806.0,9738.0,1767.0,605.0,636.0,60.0,0.0,0.0,0.0,4.0,24.0,439.0,85.0,163.0,475.0,0.0,21.0,0.0,2.0,Nepal,JOSM/1.5 (18822 en),"#GuruPragya,#SNRMPNepal,#SCS2023,#hotosm-project-14898,#aphub,#APHub,#BOSC,#hotosm-project-15638,#OMGuru,#GuruShristi,#hotosm-project-15639,#startnetwork","{""building"": 439, ""highway"": 163, ""level"": 6, ""ford"": 4, ""source"": 2, ""surface"": 2, ""bridge"": 2, ""snowmobile"": 1, ""ski"": 1, ""wheelchair"": 1, ""sac_scale"": 1, ""bicycle"": 1, ""width"": 1, ""horse"": 1}","{""highway"": 475, ""building"": 85, ""surface"": 83, ""name"": 54, ""natural"": 34, ""source"": 33, ""waterway"": 21, ""landuse"": 20, ""ref"": 16, ""ford"": 15, ""level"": 10, ""ref:old"": 7, ""foot"": 6, ""width"": 4, ""boundary"": 4, ""admin_level"": 4, ""water"": 3, ""office"": 3, ""name:ne"": 3, ""bridge"": 3, ""intermittent"": 3, ""description"": 3, ""sac_scale"": 3, ""wheelchair"": 2, ""amenity"": 2, ""horse"": 2, ""smoothness"": 2, ""narrow"": 2, ""trail_visibility"": 1, ""bridge:structure"": 1, ""road"": 1, ""species"": 1, ""length"": 1, ""isced:level"": 1, ""layer"": 1, ""tracktype"": 1, ""snowmobile"": 1, ""residential"": 1, ""ski"": 1, ""bicycle"": 1, ""genus"": 1, ""alt_name"": 1}"
3,16378761,https://www.openstreetmap.org/user/Ashim%20Paudel,2023-10-05 00:00:00+00:00,2023-12-11 03:06:46+00:00,Ashim Paudel,115.0,20597.0,95855.0,17022.0,3072.0,2.0,313.0,188.0,0.0,0.0,0.0,0.0,0.0,2.0,3.0,3.0,310.0,167.0,0.0,0.0,0.0,1.0,Nepal,JOSM/1.5 (18583 en),"#naxa,#SNRMPNepal,#iTechKarnali,#hotosm-project-14898,#GuruDibikshya,#aphub,#mapbuds,#GuruAayush,#YouthMappers,#hotosm-project-15638,#OMGuru,#geoneer,#kll,#hotosm-project-15639,#startnetwork,#gesan","{""highway"": 310, ""building"": 3}","{""highway"": 167, ""surface"": 34, ""name"": 21, ""ref"": 13, ""source"": 10, ""natural"": 8, ""landuse"": 8, ""sac_scale"": 4, ""tracktype"": 4, ""building"": 3, ""ford"": 2, ""amenity"": 1, ""ref:old"": 1, ""boundary"": 1, ""name:ne"": 1, ""isced:level"": 1, ""layer"": 1, ""bridge"": 1, ""admin_level"": 1}"
4,13116045,https://www.openstreetmap.org/user/Niruta%20Neeupane,2023-10-05 00:00:00+00:00,2023-12-11 03:06:46+00:00,Niruta Neeupane,72.0,16820.0,30582.0,2355.0,12362.0,1557.0,78.0,368.0,96.0,0.0,4.0,0.0,11.0,53.0,35.0,55.0,34.0,249.0,9.0,29.0,0.0,0.0,"China,Nepal","JOSM/1.5 (17580 en),iD 2.21.1","#GuruVivek,#GuruPragya,#GuruGorakh,#SNRMPNepal,#hotosm-project-14898,#aphub,#GuruNiruta,#hotosm-project-15638,#OMGuru,#hotosm-project-15639,#startnetwork","{""building"": 35, ""highway"": 34, ""ford"": 11, ""waterway"": 9, ""name"": 4, ""layer"": 3, ""surface"": 3, ""bridge"": 3, ""ref"": 2, ""source"": 1, ""ref:old"": 1, ""name:ne"": 1}","{""highway"": 249, ""name"": 61, ""surface"": 57, ""building"": 55, ""ford"": 49, ""source"": 40, ""waterway"": 29, ""landuse"": 19, ""ref"": 17, ""natural"": 13, ""description"": 7, ""noname"": 6, ""type"": 4, ""route"": 4, ""junction"": 4, ""ref:old"": 3, ""network"": 3, ""layer"": 2, ""tracktype"": 2, ""narrow"": 2, ""note"": 1, ""bridge:structure"": 1, ""name:ne"": 1, ""bridge"": 1, ""intermittent"": 1, ""boundary"": 1, ""admin_level"": 1}"
5,10459757,https://www.openstreetmap.org/user/frozenrabi,2023-10-05 00:00:00+00:00,2023-12-11 03:06:46+00:00,frozenrabi,92.0,12423.0,4404.0,3737.0,6983.0,922.0,221.0,474.0,85.0,0.0,1.0,0.0,6.0,70.0,148.0,79.0,59.0,275.0,13.0,69.0,2.0,16.0,Nepal,"JOSM/1.5 (18678 en),JOSM/1.5 (18822 en)","#SNRMPNepal,#hotosm-project-14898,#aphub,#ges,#mapbuds,#hotosm-project-15638,#OMGuru,#frozenrabi,#osmnepal,#hotosm-project-15639,#startnetwork","{""building"": 148, ""highway"": 59, ""surface"": 24, ""waterway"": 13, ""intermittent"": 10, ""natural"": 3, ""amenity"": 2, ""ford"": 2, ""description"": 1, ""wheelchair"": 1, ""ele"": 1, ""source"": 1, ""incline"": 1, ""office"": 1, ""religion"": 1, ""smoothness"": 1, ""name"": 1, ""isced:level"": 1, ""landuse"": 1, ""width"": 1}","{""highway"": 275, ""building"": 79, ""waterway"": 69, ""name"": 60, ""surface"": 46, ""ford"": 39, ""landuse"": 37, ""intermittent"": 36, ""natural"": 19, ""crop"": 18, ""source"": 17, ""amenity"": 16, ""description"": 16, ""ref"": 16, ""incline"": 12, ""name:en"": 7, ""isced:level"": 7, ""width"": 6, ""man_made"": 5, ""trail_visibility"": 4, ""wheelchair"": 4, ""office"": 4, ""smoothness"": 4, ""water"": 3, ""tourism"": 3, ""religion"": 3, ""name:zh"": 3, ""note"": 2, ""craft"": 2, ""tracktype"": 2, ""hazard_type"": 2, ""place"": 2, ""route"": 2, ""bicycle"": 2, ""hazard_prone"": 2, ""alt_name"": 2, ""boundary"": 2, ""admin_level"": 2, ""short_name:ar"": 1, ""alt_name:ar"": 1, ""name:ne"": 1, ""area"": 1, ""addr:street"": 1, ""name:ur"": 1, ""name:ar"": 1, ""healthcare"": 1, ""oneway"": 1, ""operator"": 1, ""government"": 1, ""type"": 1, ""parking"": 1, ""name:hi"": 1, ""hazard"": 1, ""opening_hours"": 1, ""tower:type"": 1}"
6,20518293,https://www.openstreetmap.org/user/Gremmy%20Dhungana,2023-10-05 00:00:00+00:00,2023-12-11 03:06:46+00:00,Gremmy Dhungana,122.0,11999.0,181754.0,11107.0,0.0,0.0,624.0,268.0,0.0,0.0,0.0,0.0,0.0,0.0,0.0,28.0,607.0,164.0,5.0,10.0,0.0,0.0,Nepal,JOSM/1.5 (18822 en),"#iTtechKarnali,#SNRMPNepal,#techKarnali,#itechKarnali,#GuruDibikshya,#aphub,#hotosm-project-14898,#GuruAayush,#Gurudibikshya,#Guruaayush,#hotosm-project-15638,#OMGuru,#GuruShristi,#hotosm-project-15639,#startnetwork","{""highway"": 607, ""waterway"": 5}","{""highway"": 164, ""natural"": 39, ""name"": 37, ""surface"": 34, ""building"": 28, ""landuse"": 20, ""source"": 13, ""waterway"": 10, ""ref"": 8, ""boundary"": 5, ""admin_level"": 5, ""route"": 4, ""area"": 2, ""water"": 1, ""smoothness"": 1, ""narrow"": 1, ""motorroad"": 1, ""intermittent"": 1}"
7,13116824,https://www.openstreetmap.org/user/Vivek%20Dumre,2023-10-05 00:00:00+00:00,2023-12-11 03:06:46+00:00,Vivek Dumre,111.0,10929.0,3520.0,2913.0,4185.0,2943.0,88.0,676.0,124.0,0.0,0.0,0.0,17.0,23.0,45.0,287.0,13.0,237.0,18.0,124.0,0.0,3.0,"Nepal,India",JOSM/1.5 (18700 en),"#SNRMPNepal,#hotosm-project-14898,#aphub,#deleted,#hotosm-project-15638,#OMGuru,#hotosm-project-15639,#startnetwork","{""building"": 45, ""waterway"": 18, ""ford"": 17, ""intermittent"": 13, ""highway"": 13, ""landuse"": 6, ""natural"": 6, ""surface"": 2}","{""building"": 287, ""highway"": 237, ""waterway"": 124, ""intermittent"": 53, ""surface"": 38, ""name"": 34, ""natural"": 22, ""source"": 20, ""ford"": 20, ""water"": 8, ""description"": 6, ""landuse"": 4, ""amenity"": 3, ""layer"": 3, ""ref"": 3, ""ref:old"": 2, ""tracktype"": 2, ""alt_name"": 2, ""smoothness"": 2, ""short_name:ar"": 1, ""alt_name:ar"": 1, ""noname"": 1, ""bridge:structure"": 1, ""name:ne"": 1, ""name:en"": 1, ""bridge"": 1, ""name:ar"": 1, ""name:ur"": 1, ""name:hi"": 1, ""religion"": 1, ""boundary"": 1, ""int_name"": 1, ""name:zh"": 1, ""admin_level"": 1}"
8,10963925,https://www.openstreetmap.org/user/Ashok%20Thakulla,2023-10-05 00:00:00+00:00,2023-12-11 03:06:46+00:00,Ashok Thakulla,116.0,9506.0,9029.0,1402.0,3317.0,4257.0,78.0,156.0,295.0,0.0,1.0,0.0,0.0,24.0,35.0,18.0,34.0,109.0,5.0,26.0,0.0,5.0,Nepal,"JOSM/1.5 (18772 en),iD 2.21.1,JOSM/1.5 (18906 en),JOSM/1.5 (18822 en)","#GuruVivek,#Rebmad,#hotosm-project-15638,#osmguru,#GuruNirut,#mapped,#hotosm-project-14898,#Mapped,#hotosm-project-15639,#SNRMPNepal,#OSMGURU,#besure,#GuruGor,#mappers,#GuruGorakh,#youthmapper,#GuruNiruta,#Mappers,#gurushristi,#Youthmappers,#startnetwork,#GuruPragya,#aphub,#OMGuru","{""building"": 35, ""highway"": 34, ""waterway"": 5, ""bridge"": 3, ""name"": 2, ""level"": 1, ""water"": 1, ""landuse"": 1, ""ref"": 1, ""natural"": 1}","{""highway"": 109, ""waterway"": 26, ""building"": 18, ""name"": 15, ""surface"": 13, ""tracktype"": 10, ""source"": 7, ""ford"": 7, ""landuse"": 6, ""amenity"": 5, ""natural"": 5, ""office"": 3, ""ref"": 3, ""noname"": 2, ""isced:level"": 2, ""type"": 2, ""foot"": 2, ""track"": 2, ""water"": 1, ""note"": 1, ""mountain_pass"": 1, ""fixme"": 1, ""bridge"": 1, ""westra_ref"": 1, ""intermittent"": 1, ""residential"": 1, ""place"": 1, ""ele"": 1, ""route"": 1, ""network"": 1, ""name:ru"": 1}"
9,20553756,https://www.openstreetmap.org/user/Nischal%20Acharya%20-%20642,2023-10-05 00:00:00+00:00,2023-12-11 03:06:46+00:00,Nischal Acharya - 642,55.0,7285.0,32592.0,6506.0,328.0,60.0,276.0,112.0,3.0,0.0,0.0,0.0,1.0,0.0,1.0,16.0,272.0,56.0,0.0,3.0,0.0,0.0,"China,Nepal",JOSM/1.5 (18822 en),"#SNRMPNepal,#GuruArun,#aphub,#OMGuru,#GuruSamrat,#GuruRabina,#hotosm-project-15639,#startnetwork","{""highway"": 272, ""building"": 1}","{""highway"": 56, ""natural"": 17, ""building"": 16, ""surface"": 16, ""landuse"": 15, ""name"": 12, ""source"": 6, ""ref"": 6, ""boundary"": 3, ""waterway"": 3, ""admin_level"": 3, ""description"": 2, ""name:ne"": 2, ""intermittent"": 2, ""ref:old"": 1, ""leisure"": 1, ""crop"": 1, ""name:en"": 1, ""name:zh"": 1}"
10,18313656,https://www.openstreetmap.org/user/Aachal312,2023-10-05 00:00:00+00:00,2023-12-11 03:06:46+00:00,Aachal312,52.0,6662.0,58023.0,6113.0,311.0,2.0,164.0,72.0,0.0,0.0,0.0,0.0,0.0,0.0,0.0,1.0,163.0,63.0,0.0,0.0,0.0,0.0,"Nepal,India",JOSM/1.5 (18822 en),"#GuruAru,#GuruVivek,#GuruPragya,#SNRMPNepal,#GuruArun,#hotosm-project-14898,#aphub,#GuruGorakath,#GuruNiruta,#hotosm-project-15638,#OMGuru,#GuruSamrat,#GuruRabina,#hotosm-project-15639,#startnetwork","{""highway"": 163, ""name"": 6, ""tracktype"": 1}","{""highway"": 63, ""surface"": 16, ""name"": 12, ""ref"": 7, ""source"": 6, ""natural"": 4, ""ref:old"": 3, ""description"": 2, ""boundary"": 2, ""landuse"": 2, ""admin_level"": 2, ""building"": 1, ""wheelchair"": 1, ""incline"": 1, ""smoothness"": 1, ""width"": 1}"
11,18508229,https://www.openstreetmap.org/user/thapa%20prativa,2023-10-05 00:00:00+00:00,2023-12-11 03:06:46+00:00,thapa prativa,85.0,6135.0,14009.0,3294.0,1870.0,679.0,191.0,49.0,52.0,0.0,0.0,0.0,0.0,3.0,109.0,3.0,49.0,15.0,28.0,27.0,0.0,1.0,Nepal,"iD 2.21.1,JOSM/1.5 (18822 en)","#GuruVivek,#GuruPragya,#GuruGorakh,#GuruNirut,#SNRMPNepal,#aphub,#GuruNiruta,#OMGuru,#hotosm-project-15639,#startnetwork,#GuruGor","{""building"": 109, ""highway"": 49, ""waterway"": 28, ""water"": 3, ""level"": 1, ""name"": 1, ""surface"": 1, ""landuse"": 1, ""natural"": 1, ""Nature"": 1}","{""waterway"": 27, ""highway"": 15, ""name"": 4, ""surface"": 4, ""natural"": 4, ""building"": 3, ""place"": 1, ""isced:level"": 1, ""amenity"": 1, ""landuse"": 1, ""note"": 1}"
12,17288551,https://www.openstreetmap.org/user/Sonu%20Sah,2023-10-05 00:00:00+00:00,2023-12-11 03:06:46+00:00,Sonu Sah,29.0,5859.0,167216.0,5490.0,1.0,0.0,352.0,16.0,0.0,0.0,0.0,0.0,0.0,0.0,0.0,0.0,345.0,5.0,2.0,6.0,0.0,0.0,Nepal,"JOSM/1.5 (18570 en_GB),iD 2.21.1","#OpenStreetMap,#GuruAayush,#seis,#hotosm-project-15638,#simpliask,#GESAN,#iTechKarnali,#hotosm-project-14898,#GuruDibikshya,#OpenMapping,#Gurudibikshya,#itechkarnali,#hotosm-project-15639,#SNRMPNepal,#gesan,#hot,#OpenstreetMap,#GuruShristi,#startnetwork,#MappingSaga,#aphub,#Guruaayush,#OMGuru","{""highway"": 345, ""oneway"": 2, ""waterway"": 2}","{""waterway"": 6, ""highway"": 5, ""natural"": 3, ""geological"": 1, ""name"": 1}"
13,13255920,https://www.openstreetmap.org/user/samrat02,2023-10-05 00:00:00+00:00,2023-12-11 03:06:46+00:00,samrat02,147.0,5583.0,331.0,1193.0,2891.0,1147.0,76.0,233.0,43.0,0.0,0.0,0.0,6.0,6.0,68.0,23.0,7.0,169.0,1.0,27.0,0.0,0.0,"China,Nepal",JOSM/1.5 (18193 en),"#startnetwork,#hotosm-project-14898,#aphub,#hotosm-project-15638,#OMGuru,#hotosm-project-15639,#SNRMPNepal","{""building"": 68, ""highway"": 7, ""ford"": 6, ""waterway"": 1}","{""highway"": 169, ""waterway"": 27, ""building"": 23, ""name"": 17, ""tracktype"": 9, ""natural"": 9, ""surface"": 9, ""intermittent"": 6, ""source"": 5, ""landuse"": 4, ""ford"": 4, ""layer"": 3, ""bridge"": 3, ""office"": 2, ""length"": 2, ""width"": 2, ""description"": 2, ""bridge:support"": 2, ""elevation"": 2, ""short_name:ar"": 1, ""alt_name:ar"": 1, ""water"": 1, ""noname"": 1, ""ref:old"": 1, ""addr:district"": 1, ""name:ne"": 1, ""area"": 1, ""name:en"": 1, ""oneway"": 1, ""name:ar"": 1, ""name:ur"": 1, ""addr:province"": 1, ""building:levels"": 1, ""bicycle"": 1, ""ref"": 1, ""name:hi"": 1, ""alt_name"": 1, ""boundary"": 1, ""building:material"": 1, ""name:zh"": 1, ""admin_level"": 1, ""addr:city"": 1}"
14,13339699,https://www.openstreetmap.org/user/Pavy_555,2023-10-05 00:00:00+00:00,2023-12-11 03:06:46+00:00,Pavy_555,85.0,5424.0,39878.0,4854.0,60.0,82.0,277.0,148.0,3.0,0.0,0.0,0.0,8.0,0.0,0.0,0.0,273.0,133.0,0.0,9.0,0.0,0.0,Nepal,"iD 2.21.1,JOSM/1.5 (18822 en)","#SNRMPNepal,#GuruArun,#hotosm-project-14898,#aphub,#guruaayush,#hotosm-project-15638,#OMGuru,#GuruSamrat,#GuruRabina,#gurudibikshya,#itechkarnali,#hotosm-project-15639,#startnetwork","{""highway"": 273, ""ford"": 8}","{""highway"": 133, ""surface"": 32, ""name"": 26, ""source"": 15, ""waterway"": 9, ""ref"": 4, ""incline"": 3, ""width"": 3, ""description"": 2, ""boundary"": 2, ""name:ne"": 2, ""landuse"": 2, ""admin_level"": 2, ""short_name:ar"": 1, ""alt_name:ar"": 1, ""wheelchair"": 1, ""bicycle"": 1, ""ref:old"": 1, ""name:hi"": 1, ""alt_name"": 1, ""smoothness"": 1, ""narrow"": 1, ""name:en"": 1, ""addr:street"": 1, ""intermittent"": 1, ""name:ur"": 1, ""name:ar"": 1, ""name:zh"": 1, ""addr:city"": 1}"
15,13402080,https://www.openstreetmap.org/user/Niru%20KC,2023-10-05 00:00:00+00:00,2023-12-11 03:06:46+00:00,Niru KC,19.0,5395.0,4531.0,4945.0,176.0,212.0,31.0,28.0,2.0,0.0,1.0,0.0,4.0,1.0,1.0,2.0,30.0,24.0,0.0,0.0,0.0,0.0,Nepal,JOSM/1.5 (18700 en),"#startnetwork,#hotosm-project-14898,#aphub,#guruaayush,#hotosm-project-15638,#OMGuru,#gurudibikshya,#itechkarnali,#hotosm-project-15639,#SNRMPNepal","{""highway"": 30, ""surface"": 6, ""bridge:support"": 4, ""layer"": 2, ""bridge"": 2, ""tracktype"": 2, ""building"": 1, ""name"": 1, ""source"": 1, ""width"": 1, ""ref"": 1}","{""highway"": 24, ""surface"": 6, ""name"": 4, ""ref"": 4, ""building"": 2, ""source"": 2, ""landuse"": 2, ""width"": 2, ""tracktype"": 2, ""type"": 1, ""route"": 1, ""oneway"": 1, ""ref:old"": 1, ""ford"": 1}"
16,3686666,https://www.openstreetmap.org/user/Anil%20Basnet,2023-10-05 00:00:00+00:00,2023-12-11 03:06:46+00:00,Anil Basnet,3.0,4241.0,604.0,3404.0,550.0,177.0,38.0,64.0,7.0,1.0,0.0,0.0,0.0,2.0,29.0,6.0,3.0,42.0,0.0,2.0,0.0,1.0,Nepal,JOSM/1.5 (18700 en),"#startnetwork,#hotosm-project-14898,#aphub,#missingmaps,#dmd,#OMGuru,#youthmappers,#osmnepal,#SNRMPNepal,#gesan","{""building"": 29, ""landuse"": 5, ""highway"": 3, ""natural"": 2, ""type"": 1, ""layer"": 1, ""bridge"": 1}","{""highway"": 42, ""landuse"": 8, ""building"": 6, ""surface"": 6, ""source"": 4, ""natural"": 4, ""sac_scale"": 2, ""ref"": 2, ""name"": 2, ""waterway"": 2, ""tracktype"": 2, ""government"": 1, ""addr:province"": 1, ""amenity"": 1, ""addr:district"": 1, ""office"": 1, ""boundary"": 1, ""name:ne"": 1, ""int_name"": 1, ""admin_level"": 1, ""ford"": 1, ""addr:city"": 1, ""website"": 1}"
17,20561228,https://www.openstreetmap.org/user/Rajeev%20Paudel,2023-10-05 00:00:00+00:00,2023-12-11 03:06:46+00:00,Rajeev Paudel,452.0,3738.0,1977.0,2534.0,815.0,72.0,245.0,60.0,12.0,0.0,0.0,0.0,1.0,1.0,201.0,12.0,38.0,37.0,3.0,2.0,0.0,0.0,Nepal,iD 2.21.1,"#GuruPragya,#SNRMPNepal,#SCS2023,#aphub,#APHub,#BOSC,#OMGuru,#GuruShristi,#hotosm-project-15639,#startnetwork","{""building"": 201, ""highway"": 38, ""surface"": 8, ""waterway"": 3, ""natural"": 3, ""layer"": 2, ""tracktype"": 1, ""ford"": 1}","{""highway"": 37, ""name"": 21, ""building"": 12, ""surface"": 10, ""landuse"": 7, ""ref"": 3, ""natural"": 2, ""foot"": 2, ""waterway"": 2, ""sac_scale"": 1, ""source"": 1, ""ref:old"": 1, ""name:ne"": 1, ""layer"": 1, ""horse"": 1, ""ford"": 1}"
18,20172897,https://www.openstreetmap.org/user/siwangi02,2023-10-05 00:00:00+00:00,2023-12-11 03:06:46+00:00,siwangi02,40.0,2990.0,85533.0,2007.0,411.0,269.0,174.0,75.0,54.0,0.0,0.0,0.0,0.0,0.0,21.0,1.0,140.0,57.0,13.0,8.0,0.0,0.0,Nepal,JOSM/1.5 (18822 en_GB),"#startnetwork,#aphub,#OMGuru,#hotosm-project-15639,#SNRMPNepal","{""highway"": 140, ""building"": 21, ""waterway"": 13}","{""highway"": 57, ""name"": 9, ""waterway"": 8, ""tracktype"": 5, ""boundary"": 3, ""natural"": 3, ""admin_level"": 3, ""landuse"": 2, ""description"": 1, ""building"": 1, ""surface"": 1, ""water"": 1, ""intermittent"": 1}"
19,13031135,https://www.openstreetmap.org/user/Arun%20Kumar%20Bhomi,2023-10-05 00:00:00+00:00,2023-12-11 03:06:46+00:00,Arun Kumar Bhomi,14.0,2755.0,19075.0,2410.0,259.0,17.0,37.0,22.0,9.0,0.0,1.0,0.0,1.0,1.0,1.0,0.0,36.0,18.0,0.0,2.0,0.0,0.0,Nepal,JOSM/1.5 (18822 en),"#SNRMPNepal,#GuruArun,#aphub,#hotosm-project-15638,#OMGuru,#GuruSamrat,#GuruRabina,#startnetwork","{""highway"": 36, ""building"": 1, ""ford"": 1}","{""highway"": 18, ""ref"": 7, ""source"": 5, ""name"": 4, ""surface"": 4, ""boundary"": 2, ""waterway"": 2, ""admin_level"": 2, ""type"": 1, ""route"": 1, ""int_name"": 1, ""intermittent"": 1, ""ford"": 1}"
20,20570524,https://www.openstreetmap.org/user/Legit%20Mamba,2023-10-05 00:00:00+00:00,2023-12-11 03:06:46+00:00,Legit Mamba,85.0,2144.0,19895.0,1962.0,1.0,13.0,113.0,54.0,1.0,0.0,0.0,0.0,2.0,0.0,2.0,0.0,34.0,6.0,39.0,2.0,0.0,0.0,Nepal,iD 2.21.1,"#startnetwork,#aphub,#guruaayush,#hotosm-project-15638,#guru,#OMGuru,#gurudibikshya,#itechkarnali,#SNRMPNepal","{""waterway"": 39, ""natural"": 37, ""highway"": 34, ""area"": 11, ""landuse"": 3, ""description"": 2, ""building"": 2, ""motor_vehicle"": 1, ""crossing"": 1, ""bicycle"": 1, ""incline"": 1}","{""natural"": 32, ""boundary"": 10, ""admin_level"": 10, ""highway"": 6, ""surface"": 2, ""source"": 2, ""waterway"": 2, ""area"": 1, ""name"": 1, ""landuse"": 1, ""ref"": 1, ""ref:old"": 1}"
21,20515367,https://www.openstreetmap.org/user/Riya%20Manandhar,2023-10-05 00:00:00+00:00,2023-12-11 03:06:46+00:00,Riya Manandhar,33.0,1846.0,50872.0,1473.0,190.0,50.0,113.0,16.0,4.0,0.0,0.0,0.0,0.0,0.0,0.0,2.0,102.0,4.0,10.0,9.0,0.0,0.0,Nepal,"JOSM/1.5 (18893 SVN en_GB),JOSM/1.5 (18822 en)","#GuruVivek,#GuruPragya,#GuruGorakh,#SNRMPNepal,#aphub,#GuruNiruta,#OMGuru,#hotosm-project-15639,#startnetwork","{""highway"": 102, ""waterway"": 10, ""water_source"": 1}","{""waterway"": 9, ""highway"": 4, ""building"": 2, ""name"": 2, ""surface"": 1, ""landuse"": 1}"
22,20577058,https://www.openstreetmap.org/user/canius_p,2023-10-05 00:00:00+00:00,2023-12-11 03:06:46+00:00,canius_p,14.0,1789.0,885.0,943.0,572.0,77.0,138.0,50.0,9.0,0.0,0.0,0.0,0.0,0.0,119.0,31.0,8.0,11.0,4.0,3.0,0.0,0.0,Nepal,"JOSM/1.5 (18360 Debian en),iD 2.21.1,JOSM/1.5 (18822 en)","#startnetwork,#BSOC,#aphub,#BOSC,#OMGuru,#hotosm-project-15639,#SNRMPNepal","{""building"": 119, ""highway"": 8, ""waterway"": 4, ""natural"": 2, ""landuse"": 2}","{""building"": 31, ""highway"": 11, ""name"": 5, ""surface"": 3, ""waterway"": 3, ""landuse"": 2, ""natural"": 2, ""alt_name"": 2, ""description"": 1, ""boundary"": 1, ""motorroad"": 1, ""source"": 1, ""admin_level"": 1}"
23,14580151,https://www.openstreetmap.org/user/Bibek_Karki,2023-10-05 00:00:00+00:00,2023-12-11 03:06:46+00:00,Bibek_Karki,10.0,1530.0,21352.0,1443.0,37.0,4.0,34.0,11.0,1.0,0.0,0.0,0.0,0.0,0.0,0.0,0.0,34.0,9.0,0.0,1.0,0.0,0.0,Nepal,"JOSM/1.5 (18570 en_GB),iD 2.21.1","#SNRMPNepal,#iTechKarnali,#GuruDibikshya,#aphub,#hotosm-project-14898,#GuruAayush,#hotosm-project-15638,#OMGuru,#hotosm-project-15639,#startnetwork","{""highway"": 34, ""foot"": 8, ""horse"": 1, ""lanes"": 1}","{""highway"": 9, ""source"": 3, ""boundary"": 1, ""waterway"": 1, ""admin_level"": 1, ""foot"": 1}"
24,14545339,https://www.openstreetmap.org/user/HBanu,2023-10-05 00:00:00+00:00,2023-12-11 03:06:46+00:00,HBanu,38.0,1473.0,4857.0,676.0,740.0,0.0,24.0,33.0,0.0,0.0,0.0,0.0,1.0,0.0,0.0,3.0,24.0,20.0,0.0,1.0,0.0,0.0,Nepal,"RapiD 1.1.9-tm.1,JOSM/1.5 (18822 en)","#SNRMPNepal,#GuruDibikhshaya,#aphub,#GuruAayush,#Gurudibikshya,#iTechKarnal,#Guruaayush,#itechkarnal,#OMGuru,#itechkarnali,#GuruDibikshaya,#hotosm-project-15639,#startnetwork","{""highway"": 24, ""source"": 2, ""ford"": 1}","{""highway"": 20, ""natural"": 6, ""surface"": 4, ""building"": 3, ""landuse"": 3, ""water"": 2, ""ref"": 2, ""description"": 1, ""intermittent"": 1, ""waterway"": 1}"
25,2258022,https://www.openstreetmap.org/user/mikko_tamura,2023-10-05 00:00:00+00:00,2023-12-11 03:06:46+00:00,mikko_tamura,14.0,1464.0,13408.0,1270.0,86.0,12.0,62.0,34.0,0.0,0.0,0.0,0.0,1.0,2.0,48.0,8.0,13.0,22.0,0.0,1.0,0.0,0.0,Nepal,iD 2.21.1,"#startnetwork,#hotosm-project-14898,#aphub,#hotosm-project-15638,#OMGuru,#GuruShristi,#SNRMPNepal","{""building"": 48, ""highway"": 13, ""ford"": 1, ""landuse"": 1}","{""highway"": 22, ""building"": 8, ""name"": 5, ""surface"": 5, ""description"": 1, ""boundary"": 1, ""place"": 1, ""landuse"": 1, ""ref"": 1, ""ref:old"": 1, ""waterway"": 1, ""admin_level"": 1, ""natural"": 1, ""ford"": 1}"
26,15652138,https://www.openstreetmap.org/user/Ayu%20Sah,2023-10-05 00:00:00+00:00,2023-12-11 03:06:46+00:00,Ayu Sah,37.0,1307.0,16845.0,1208.0,17.0,0.0,58.0,24.0,0.0,0.0,0.0,0.0,0.0,0.0,28.0,0.0,29.0,18.0,0.0,0.0,0.0,0.0,Nepal,JOSM/1.5 (18772 en),"#SNRMPNepal,#GuruArun,#hotosm-project-14898,#aphub,#hotosm-project-15638,#OMGuru,#GuruSamrat,#GuruRabina,#startnetwork","{""highway"": 29, ""building"": 28}","{""highway"": 18, ""surface"": 7, ""boundary"": 4, ""name"": 4, ""source"": 4, ""admin_level"": 4, ""ref"": 3, ""ref:old"": 2, ""natural"": 2, ""description"": 1, ""narrow"": 1}"
27,20570508,https://www.openstreetmap.org/user/SoberMamba,2023-10-05 00:00:00+00:00,2023-12-11 03:06:46+00:00,SoberMamba,28.0,1298.0,8236.0,1167.0,11.0,1.0,97.0,22.0,0.0,0.0,0.0,0.0,0.0,4.0,1.0,0.0,30.0,20.0,37.0,3.0,0.0,0.0,Nepal,iD 2.21.1,"#SNRMPNepal,#aphub,#Gurudibikshya,#Guruaayush,#hotosm-project-15638,#OMGuru,#itechkarnali,#startnetwork","{""waterway"": 37, ""highway"": 30, ""natural"": 16, ""landuse"": 13, ""building"": 1}","{""highway"": 20, ""surface"": 4, ""waterway"": 3, ""name"": 2, ""source"": 2, ""natural"": 2, ""description"": 1, ""boundary"": 1, ""admin_level"": 1}"
28,18938750,https://www.openstreetmap.org/user/kushalpathak,2023-10-05 00:00:00+00:00,2023-12-11 03:06:46+00:00,kushalpathak,10.0,1157.0,0.0,385.0,529.0,129.0,86.0,3.0,25.0,0.0,0.0,0.0,0.0,0.0,84.0,2.0,0.0,0.0,0.0,0.0,0.0,0.0,"China,Nepal",iD 2.21.1,"#GuruPragya,#SNRMPNepal,#SCS2023,#aphub,#APHub,#OMGuru,#GuruShristi,#hotosm-project-15639,#startnetwork,#bosc","{""building"": 84, ""water"": 2, ""natural"": 2}","{""building"": 2, ""landuse"": 1}"
29,20570493,https://www.openstreetmap.org/user/sujinastha,2023-10-05 00:00:00+00:00,2023-12-11 03:06:46+00:00,sujinastha,18.0,921.0,5561.0,832.0,12.0,0.0,62.0,15.0,0.0,0.0,0.0,0.0,2.0,1.0,44.0,0.0,19.0,12.0,0.0,0.0,0.0,0.0,Nepal,"iD 2.27.3,iD 2.21.1","#SNRMPNepal,#aphub,#Gurudibikshya,#Guruaayush,#OMGuru,#itechkarnali,#hotosm-project-15639,#startnetwork","{""building"": 44, ""highway"": 19, ""historic"": 1, ""crossing"": 1}","{""highway"": 12, ""name"": 7, ""surface"": 5, ""natural"": 3, ""sac_scale"": 2, ""hazard_type"": 1, ""hazard_prone"": 1}"
30,19473195,https://www.openstreetmap.org/user/Pradip%20Subedi,2023-10-05 00:00:00+00:00,2023-12-11 03:06:46+00:00,Pradip Subedi,43.0,909.0,7000.0,637.0,154.0,1.0,100.0,17.0,0.0,0.0,0.0,0.0,9.0,1.0,84.0,1.0,11.0,8.0,0.0,2.0,0.0,0.0,Nepal,"iD 2.21.1,JOSM/1.5 (18822 en)","#GuruPragya,#SNRMPNepal,#SCS2023,#aphub,#APHub,#BOSC,#hotosm-project-15638,#pradipsubedi,#OMGuru,#GuruShristi,#Startnetwork_Nepal,#hotosm-project-15639,#startnetwork,#bosc","{""building"": 84, ""natural"": 14, ""highway"": 11}","{""highway"": 8, ""landuse"": 4, ""waterway"": 2, ""name"": 2, ""natural"": 2, ""building"": 1, ""ref"": 1}"
31,20622726,https://www.openstreetmap.org/user/Milan5k,2023-10-05 00:00:00+00:00,2023-12-11 03:06:46+00:00,Milan5k,2.0,882.0,526.0,836.0,0.0,0.0,45.0,1.0,0.0,0.0,0.0,0.0,3.0,0.0,3.0,0.0,5.0,1.0,0.0,0.0,0.0,0.0,Nepal,JOSM/1.5 (18822 en),"#startnetwork,#aphub,#OMGuru,#hotosm-project-15639,#SNRMPNepal","{""tracktype"": 36, ""highway"": 5, ""building"": 3}","{""tracktype"": 1, ""highway"": 1}"
32,13031156,https://www.openstreetmap.org/user/Rabina%20Poudyal,2023-10-05 00:00:00+00:00,2023-12-11 03:06:46+00:00,Rabina Poudyal,10.0,845.0,8005.0,669.0,154.0,0.0,14.0,8.0,0.0,0.0,0.0,0.0,0.0,0.0,1.0,0.0,13.0,6.0,0.0,0.0,0.0,0.0,Nepal,JOSM/1.5 (18822 en),"#SNRMPNepal,#GuruArun,#hotosm-project-14898,#aphub,#OMGuru,#GuruSamrat,#GuruRabina,#hotosm-project-15639,#startnetwork","{""highway"": 13, ""building"": 1}","{""highway"": 6, ""surface"": 3, ""boundary"": 1, ""admin_level"": 1, ""natural"": 1}"
33,1073941,https://www.openstreetmap.org/user/nirajanrajkarnikar,2023-10-05 00:00:00+00:00,2023-12-11 03:06:46+00:00,nirajanrajkarnikar,7.0,650.0,2176.0,563.0,1.0,0.0,80.0,6.0,0.0,0.0,0.0,0.0,0.0,0.0,1.0,0.0,78.0,6.0,1.0,0.0,0.0,0.0,Nepal,iD 2.21.1,"#SNRMPNepal,#iTechKarnali,#GuruDibikshya,#aphub,#GuruAayush,#hotosm-project-14898,#hotosm-project-15638,#OMGuru,#gurudibikshya,#guruaayush,#hotosm-project-15639,#startnetwork","{""highway"": 78, ""building"": 1, ""waterway"": 1}","{""highway"": 6, ""surface"": 2, ""source"": 1, ""name"": 1}"
34,13116044,https://www.openstreetmap.org/user/Namrata%20%20Shrestha,2023-10-05 00:00:00+00:00,2023-12-11 03:06:46+00:00,Namrata  Shrestha,10.0,639.0,29973.0,575.0,0.0,1.0,56.0,7.0,0.0,0.0,0.0,0.0,1.0,0.0,9.0,0.0,47.0,0.0,0.0,1.0,0.0,0.0,Nepal,"JOSM/1.5 (18646 en),iD 2.21.1","#gurugorakg,#guruniruta,#gurupragya,#SNRMPNepal,#GuruArun,#aphub,#guruvivek,#OMGuru,#GuruSamrat,#GuruRabina,#hotosm-project-15639,#startnetwork","{""highway"": 47, ""building"": 9}","{""boundary"": 4, ""admin_level"": 4, ""natural"": 2, ""waterway"": 1}"
35,19476616,https://www.openstreetmap.org/user/Roshani%20Sharma,2023-10-05 00:00:00+00:00,2023-12-11 03:06:46+00:00,Roshani Sharma,109.0,600.0,7896.0,482.0,0.0,0.0,108.0,10.0,0.0,0.0,0.0,0.0,1.0,0.0,96.0,1.0,13.0,7.0,0.0,1.0,0.0,0.0,"China,Nepal",iD 2.21.1,"#startnetwork,#aphub,#OMGuru,#hotosm-project-15639,#SNRMPNepal","{""building"": 96, ""highway"": 13, ""name"": 10, ""width"": 1}","{""highway"": 7, ""name"": 6, ""building"": 1, ""waterway"": 1, ""surface"": 1, ""natural"": 1}"
36,20622718,https://www.openstreetmap.org/user/Nabii,2023-10-05 00:00:00+00:00,2023-12-11 03:06:46+00:00,Nabii,3.0,521.0,0.0,185.0,234.0,49.0,36.0,13.0,4.0,0.0,0.0,0.0,0.0,3.0,36.0,1.0,0.0,11.0,0.0,0.0,0.0,3.0,Nepal,JOSM/1.5 (18822 en),"#GuruVivek,#GuruPragya,#GuruGorakh,#SNRMPNepal,#aphub,#GuruNiruta,#OMGuru,#hotosm-project-15639,#startnetwork","{""building"": 36}","{""highway"": 11, ""name"": 4, ""amenity"": 3, ""building"": 1, ""isced:level"": 1, ""landuse"": 1}"
37,20622873,https://www.openstreetmap.org/user/Dipika%20Thapa,2023-10-05 00:00:00+00:00,2023-12-11 03:06:46+00:00,Dipika Thapa,1.0,513.0,0.0,90.0,14.0,387.0,2.0,7.0,13.0,0.0,0.0,0.0,0.0,0.0,0.0,0.0,0.0,3.0,0.0,0.0,0.0,0.0,Nepal,JOSM/1.5 (18822 en),"#GuruVivek,#GuruPragya,#GuruGorakh,#SNRMPNepal,#aphub,#GuruNiruta,#OMGuru,#hotosm-project-15639,#startnetwork","{""landuse"": 2}","{""natural"": 4, ""highway"": 3, ""name"": 1}"
38,19852789,https://www.openstreetmap.org/user/Shafira%20fath,2023-10-05 00:00:00+00:00,2023-12-11 03:06:46+00:00,Shafira fath,19.0,504.0,15899.0,447.0,3.0,6.0,35.0,13.0,0.0,0.0,0.0,0.0,0.0,0.0,0.0,0.0,35.0,4.0,0.0,0.0,0.0,0.0,Nepal,"JOSM/1.5 (18772 en),iD 2.21.1","#startnetwork,#GuruArun,#hotosm-project-14898,#aphub,#OMGuru,#GuruSamrat,#GuruRabina,#SNRMPNepal","{""highway"": 35, ""name"": 1}","{""natural"": 9, ""highway"": 4, ""surface"": 1}"
39,20568439,https://www.openstreetmap.org/user/NimsKhau,2023-10-05 00:00:00+00:00,2023-12-11 03:06:46+00:00,NimsKhau,7.0,482.0,1903.0,447.0,13.0,0.0,12.0,10.0,0.0,0.0,0.0,0.0,0.0,0.0,0.0,0.0,11.0,7.0,0.0,0.0,0.0,0.0,Nepal,"iD 2.21.1,JOSM/1.5 (18822 en)","#SNRMPNepal,#itechKarnali,#GuruDibikshya,#aphub,#hotosm-project-14898,#GuruAayush,#Gurudibikshya,#Guruaayush,#hotosm-project-15638,#OMGuru,#itechkarnali,#hotosm-project-15639,#startnetwork","{""highway"": 11}","{""highway"": 7, ""boundary"": 2, ""admin_level"": 2, ""surface"": 2, ""name"": 1, ""source"": 1}"
40,20577679,https://www.openstreetmap.org/user/Bigyan%20Sapkota,2023-10-05 00:00:00+00:00,2023-12-11 03:06:46+00:00,Bigyan Sapkota,14.0,480.0,0.0,360.0,34.0,0.0,86.0,0.0,0.0,0.0,0.0,0.0,0.0,0.0,86.0,0.0,0.0,0.0,0.0,0.0,0.0,0.0,Nepal,JOSM/1.5 (18822 en),"#GuruPragya,#SNRMPNepal,#SCS2023,#aphub,#APHub,#OMGuru,#GuruShristi,#hotosm-project-15639,#startnetwork,#bosc","{""building"": 86}",{}
41,19388749,https://www.openstreetmap.org/user/Prayon%20Joshi,2023-10-05 00:00:00+00:00,2023-12-11 03:06:46+00:00,Prayon Joshi,6.0,469.0,2328.0,436.0,4.0,0.0,16.0,13.0,0.0,0.0,0.0,0.0,0.0,0.0,0.0,0.0,9.0,8.0,0.0,0.0,0.0,0.0,Nepal,JOSM/1.5 (18822 en),"#startnetwork,#aphub,#OMGuru,#GuruShristi,#hotosm-project-15639,#SNRMPNepal","{""highway"": 9, ""route"": 5}","{""highway"": 8, ""boundary"": 3, ""admin_level"": 3, ""name"": 2, ""ref"": 2, ""natural"": 2, ""name:ne"": 1, ""surface"": 1, ""source"": 1, ""ref:old"": 1}"
42,12571990,https://www.openstreetmap.org/user/Rookie%20Pro%20Nigga,2023-10-05 00:00:00+00:00,2023-12-11 03:06:46+00:00,Rookie Pro Nigga,1.0,359.0,0.0,53.0,28.0,255.0,1.0,7.0,15.0,0.0,0.0,0.0,0.0,0.0,0.0,0.0,1.0,4.0,0.0,0.0,0.0,0.0,Nepal,JOSM/1.5 (18700 en),"#startnetwork,#hotosm-project-14898,#aphub,#OMGuru,#SNRMPNepal","{""highway"": 1}","{""highway"": 4, ""natural"": 3}"
43,20570509,https://www.openstreetmap.org/user/ASK822,2023-10-05 00:00:00+00:00,2023-12-11 03:06:46+00:00,ASK822,4.0,350.0,3163.0,338.0,0.0,0.0,7.0,5.0,0.0,0.0,0.0,0.0,1.0,0.0,0.0,1.0,8.0,4.0,0.0,0.0,0.0,0.0,Nepal,iD 2.21.1,"#startnetwork,#aphub,#hotosm-project-15638,#OMGuru,#hotosm-project-15639,#SNRMPNepal","{""highway"": 8}","{""highway"": 4, ""building"": 1}"
44,20070443,https://www.openstreetmap.org/user/Samikshya%20Ghimire,2023-10-05 00:00:00+00:00,2023-12-11 03:06:46+00:00,Samikshya Ghimire,6.0,345.0,4842.0,311.0,4.0,0.0,22.0,8.0,0.0,0.0,0.0,0.0,0.0,0.0,0.0,0.0,18.0,4.0,2.0,3.0,0.0,0.0,Nepal,iD 2.21.1,"#SNRMPNepal,#aphub,#hotosm-project-15638,#OMGuru,#guruarun,#gurusamrat,#hotosm-project-15639,#startnetwork,#gururabina","{""highway"": 18, ""waterway"": 2, ""landuse"": 2, ""layer"": 1}","{""name"": 4, ""highway"": 4, ""waterway"": 3, ""surface"": 2, ""boundary"": 1, ""narrow"": 1, ""source"": 1, ""width"": 1, ""admin_level"": 1}"
45,20570452,https://www.openstreetmap.org/user/Heritagegamer,2023-10-05 00:00:00+00:00,2023-12-11 03:06:46+00:00,Heritagegamer,6.0,321.0,1129.0,310.0,2.0,0.0,5.0,4.0,0.0,0.0,0.0,0.0,1.0,0.0,0.0,0.0,3.0,2.0,0.0,1.0,0.0,0.0,Nepal,iD 2.21.1,"#startnetwork,#GuruDibikshya,#aphub,#itech,#hotosm-project-14898,#GuruAayush,#OMGuru,#SNRMPNepal","{""natural"": 3, ""highway"": 3}","{""highway"": 2, ""natural"": 1, ""waterway"": 1}"
46,15651714,https://www.openstreetmap.org/user/puskarpaudel,2023-10-05 00:00:00+00:00,2023-12-11 03:06:46+00:00,puskarpaudel,6.0,305.0,7727.0,283.0,2.0,0.0,15.0,5.0,0.0,0.0,0.0,0.0,0.0,0.0,0.0,0.0,15.0,4.0,0.0,0.0,0.0,0.0,Nepal,JOSM/1.5 (18570 en),"#SNRMPNepal,#GuruArun,#hotosm-project-14898,#aphub,#hotosm-project-15638,#OMGuru,#GuruSamrat,#GuruRabina,#hotosm-project-15639,#startnetwork","{""highway"": 15}","{""highway"": 4, ""boundary"": 1, ""admin_level"": 1}"
47,19852710,https://www.openstreetmap.org/user/MHF%20HIFLA,2023-10-05 00:00:00+00:00,2023-12-11 03:06:46+00:00,MHF HIFLA,6.0,258.0,13362.0,203.0,30.0,3.0,12.0,10.0,0.0,0.0,0.0,0.0,0.0,0.0,0.0,0.0,12.0,5.0,0.0,1.0,0.0,0.0,Nepal,JOSM/1.5 (18772 en_GB),"#startnetwork,#hotosm-project-14898,#aphub,#hotosm-project-15638,#OMGuru,#SNRMPNepal","{""highway"": 12}","{""highway"": 5, ""natural"": 3, ""boundary"": 1, ""waterway"": 1, ""admin_level"": 1, ""name"": 1, ""source"": 1}"
48,20568362,https://www.openstreetmap.org/user/heypeakay,2023-10-05 00:00:00+00:00,2023-12-11 03:06:46+00:00,heypeakay,6.0,256.0,2519.0,195.0,11.0,20.0,18.0,7.0,5.0,0.0,0.0,0.0,0.0,0.0,0.0,0.0,18.0,4.0,0.0,0.0,0.0,0.0,Nepal,iD 2.21.1,"#startnetwork,#aphub,#guruaayush,#OMGuru,#gurudibikshya,#itechkarnali,#hotosm-project-15639,#SNRMPNepal","{""highway"": 18}","{""highway"": 4, ""name"": 4, ""landuse"": 2, ""boundary"": 1, ""admin_level"": 1, ""surface"": 1, ""ref"": 1}"
49,17995890,https://www.openstreetmap.org/user/SAM01231,2023-10-05 00:00:00+00:00,2023-12-11 03:06:46+00:00,SAM01231,6.0,235.0,1754.0,205.0,16.0,0.0,11.0,3.0,0.0,0.0,0.0,0.0,0.0,0.0,0.0,0.0,9.0,1.0,0.0,1.0,0.0,0.0,Nepal,"iD 2.21.1,JOSM/1.5 (18822 en)","#startnetwork,#aphub,#hotosm-project-15638,#OMGuru,#GuruShristi,#SNRMPNepal","{""highway"": 9, ""natural"": 1}","{""natural"": 1, ""highway"": 1, ""waterway"": 1, ""surface"": 1}"
50,8698377,https://www.openstreetmap.org/user/demoore19,2023-10-05 00:00:00+00:00,2023-12-11 03:06:46+00:00,demoore19,2.0,208.0,1469.0,197.0,0.0,0.0,7.0,4.0,0.0,0.0,0.0,0.0,0.0,0.0,2.0,0.0,5.0,2.0,0.0,0.0,0.0,0.0,Nepal,iD 2.21.1,"#startnetwork,#hotosm-project-14898,#aphub,#hotosm-project-15638,#OMGuru,#SNRMPNepal","{""highway"": 5, ""building"": 2}","{""highway"": 2, ""boundary"": 1, ""name"": 1, ""admin_level"": 1, ""natural"": 1, ""ref"": 1}"
51,18994808,https://www.openstreetmap.org/user/Ushan%20Khadka,2023-10-05 00:00:00+00:00,2023-12-11 03:06:46+00:00,Ushan Khadka,4.0,180.0,0.0,169.0,4.0,0.0,6.0,1.0,0.0,0.0,0.0,0.0,0.0,0.0,4.0,0.0,0.0,1.0,0.0,0.0,0.0,0.0,Nepal,JOSM/1.5 (18822 en),"#GuruPragya,#SNRMPNepal,#SCS2023,#aphub,#BOSC,#OMGuru,#GuruShristi,#hotosm-project-15639,#startnetwork","{""building"": 4}","{""highway"": 1}"
52,781054,https://www.openstreetmap.org/user/Manoj%20Thapa,2023-10-05 00:00:00+00:00,2023-12-11 03:06:46+00:00,Manoj Thapa,3.0,172.0,1999.0,52.0,0.0,112.0,2.0,3.0,3.0,0.0,0.0,0.0,0.0,0.0,0.0,0.0,2.0,2.0,0.0,0.0,0.0,0.0,Nepal,JOSM/1.5 (18822 en),"#startnetwork,#aphub,#OMGuru,#hotosm-project-15639,#SNRMPNepal","{""highway"": 2}","{""highway"": 2, ""natural"": 1, ""water"": 1}"
53,11171620,https://www.openstreetmap.org/user/Anisa%20Dhakal,2023-10-05 00:00:00+00:00,2023-12-11 03:06:46+00:00,Anisa Dhakal,2.0,144.0,0.0,27.0,99.0,1.0,0.0,17.0,0.0,0.0,0.0,0.0,0.0,0.0,0.0,8.0,0.0,5.0,0.0,2.0,0.0,0.0,Nepal,JOSM/1.5 (18646 en),"#startnetwork,#hotosm-project-14898,#aphub,#OMGuru,#GuruShristi,#GESAN,#SNRMPNepal",{},"{""building"": 8, ""highway"": 5, ""name"": 4, ""ref"": 4, ""waterway"": 2, ""layer"": 1, ""bridge"": 1, ""landuse"": 1, ""natural"": 1}"
54,19852853,https://www.openstreetmap.org/user/MMFMUSHRIFA,2023-10-05 00:00:00+00:00,2023-12-11 03:06:46+00:00,MMFMUSHRIFA,2.0,129.0,2595.0,124.0,0.0,0.0,3.0,2.0,0.0,0.0,0.0,0.0,0.0,0.0,0.0,0.0,3.0,0.0,0.0,0.0,0.0,0.0,Nepal,iD 2.21.1,"#startnetwork,#hotosm-project-14898,#aphub,#OMGuru,#SNRMPNepal","{""highway"": 3, ""tunnel"": 1, ""layer"": 1}","{""natural"": 1, ""boundary"": 1, ""admin_level"": 1}"
55,20525114,https://www.openstreetmap.org/user/Gunaraj%20%28ATUL%29%20Adhikari,2023-10-05 00:00:00+00:00,2023-12-11 03:06:46+00:00,Gunaraj (ATUL) Adhikari,3.0,127.0,3629.0,93.0,7.0,6.0,12.0,6.0,1.0,0.0,2.0,0.0,0.0,1.0,1.0,0.0,9.0,3.0,0.0,1.0,0.0,0.0,Nepal,iD 2.21.1,"#SNRMPNepal,#hotosm-project-14898,#aphub,#guruayaush,#OMGuru,#guruDibikshya,#hotosm-project-15639,#startnetwork","{""highway"": 9, ""building"": 1, ""boundary"": 1, ""layer"": 1, ""admin_level"": 1, ""natural"": 1, ""bridge"": 1}","{""boundary"": 5, ""admin_level"": 5, ""highway"": 3, ""type"": 2, ""ward"": 2, ""name"": 2, ""crossing"": 1, ""waterway"": 1}"
56,19821175,https://www.openstreetmap.org/user/kavihari,2023-10-05 00:00:00+00:00,2023-12-11 03:06:46+00:00,kavihari,2.0,126.0,1913.0,121.0,0.0,0.0,5.0,0.0,0.0,0.0,0.0,0.0,0.0,0.0,0.0,0.0,5.0,0.0,0.0,0.0,0.0,0.0,Nepal,iD 2.21.1,"#startnetwork,#aphub,#OMGuru,#hotosm-project-15639,#SNRMPNepal","{""highway"": 5}",{}
57,20632332,https://www.openstreetmap.org/user/Volunteer55,2023-10-05 00:00:00+00:00,2023-12-11 03:06:46+00:00,Volunteer55,3.0,123.0,0.0,77.0,18.0,15.0,4.0,8.0,1.0,0.0,0.0,0.0,0.0,0.0,0.0,0.0,0.0,1.0,3.0,7.0,0.0,0.0,Nepal,iD 2.21.1,"#startnetwork,#aphub,#OMGuru,#hotosm-project-15639,#SNRMPNepal","{""waterway"": 3, ""natural"": 1}","{""waterway"": 7, ""highway"": 1}"
58,11593794,https://www.openstreetmap.org/user/Suraj%20Thapa,2023-10-05 00:00:00+00:00,2023-12-11 03:06:46+00:00,Suraj Thapa,2.0,121.0,0.0,59.0,56.0,0.0,2.0,4.0,0.0,0.0,0.0,0.0,0.0,0.0,1.0,2.0,1.0,2.0,0.0,0.0,0.0,0.0,Nepal,JOSM/1.5 (18822 en),"#startnetwork,#hotosm-project-14898,#aphub,#OMGuru,#SNRMPNepal","{""building"": 1, ""highway"": 1}","{""building"": 2, ""highway"": 2, ""ref:old"": 1, ""name"": 1, ""ref"": 1}"
59,13115486,https://www.openstreetmap.org/user/Pragya%20Joshi,2023-10-05 00:00:00+00:00,2023-12-11 03:06:46+00:00,Pragya Joshi,1.0,114.0,592.0,90.0,5.0,0.0,18.0,1.0,0.0,0.0,0.0,0.0,0.0,0.0,17.0,0.0,1.0,1.0,0.0,0.0,0.0,0.0,Nepal,JOSM/1.5 (18772 en),"#startnetwork,#guruniruta,#gurupragya,#aphub,#OMGuru,#hotosm-project-15639,#SNRMPNepal","{""building"": 17, ""highway"": 1}","{""highway"": 1, ""ref"": 1}"
60,20622586,https://www.openstreetmap.org/user/Anjila%20Bade,2023-10-05 00:00:00+00:00,2023-12-11 03:06:46+00:00,Anjila Bade,1.0,112.0,0.0,56.0,53.0,0.0,0.0,3.0,0.0,0.0,0.0,0.0,0.0,0.0,0.0,0.0,0.0,0.0,0.0,0.0,0.0,0.0,Nepal,JOSM/1.5 (18822 en),"#startnetwork,#aphub,#OMGuru,#hotosm-project-15639,#SNRMPNepal",{},"{""natural"": 3}"
61,19852709,https://www.openstreetmap.org/user/MJF%20MUBASSARA,2023-10-05 00:00:00+00:00,2023-12-11 03:06:46+00:00,MJF MUBASSARA,1.0,78.0,2399.0,75.0,0.0,0.0,3.0,0.0,0.0,0.0,0.0,0.0,0.0,0.0,0.0,0.0,3.0,0.0,0.0,0.0,0.0,0.0,,JOSM/1.5 (18772 en_GB),"#startnetwork,#aphub,#OMGuru,#hotosm-project-15639,#SNRMPNepal","{""highway"": 3}",{}
62,20515983,https://www.openstreetmap.org/user/Hishila,2023-10-05 00:00:00+00:00,2023-12-11 03:06:46+00:00,Hishila,2.0,69.0,482.0,62.0,0.0,0.0,3.0,4.0,0.0,0.0,0.0,0.0,0.0,0.0,0.0,0.0,3.0,3.0,0.0,1.0,0.0,0.0,Nepal,JOSM/1.5 (18822 en),"#SNRMPNepal,#GuruArun,#aphub,#hotosm-project-15638,#OMGuru,#GuruSamrat,#GuruRabina,#startnetwork","{""highway"": 3, ""motorroad"": 2, ""smoothness"": 1, ""surface"": 1}","{""highway"": 3, ""waterway"": 1, ""surface"": 1}"
63,16060450,https://www.openstreetmap.org/user/Dibikshya%20Shrestha,2023-10-05 00:00:00+00:00,2023-12-11 03:06:46+00:00,Dibikshya Shrestha,2.0,68.0,0.0,0.0,68.0,0.0,0.0,0.0,0.0,0.0,0.0,0.0,0.0,0.0,,,,,,,,,Nepal,"iD 2.21.1,JOSM/1.5 (18427 en)","#startnetwork,#hotosm-project-14898,#aphub,#guruaayush,#OMGuru,#gurudibikshya,#itechkarnali,#SNRMPNepal",{},{}
64,20570507,https://www.openstreetmap.org/user/Prabesh%4013,2023-10-05 00:00:00+00:00,2023-12-11 03:06:46+00:00,Prabesh@13,3.0,66.0,0.0,62.0,1.0,0.0,2.0,1.0,0.0,0.0,0.0,0.0,0.0,0.0,0.0,1.0,0.0,0.0,0.0,0.0,0.0,0.0,Nepal,iD 2.21.1,"#SNRMPNepal,#GuruDibikshya,#aphub,#GuruAayush,#Gurudibikshya,#Guruaayush,#hotosm-project-15638,#OMGuru,#itechkarnali,#startnetwork","{""natural"": 1, ""landuse"": 1, ""name"": 1}","{""building"": 1, ""name"": 1}"
65,20570505,https://www.openstreetmap.org/user/Smri,2023-10-05 00:00:00+00:00,2023-12-11 03:06:46+00:00,Smri,1.0,60.0,0.0,58.0,0.0,0.0,1.0,1.0,0.0,0.0,0.0,0.0,0.0,0.0,0.0,0.0,1.0,0.0,0.0,0.0,0.0,0.0,Nepal,iD 2.21.1,"#SNRMPNepal,#aphub,#Gurudibikshya,#Guruaayush,#hotosm-project-15638,#OMGuru,#itechkarnali,#startnetwork","{""highway"": 1, ""surface"": 1}","{""natural"": 1}"
66,20620790,https://www.openstreetmap.org/user/Rubi%20Shrestha,2023-10-05 00:00:00+00:00,2023-12-11 03:06:46+00:00,Rubi Shrestha,1.0,48.0,4228.0,43.0,0.0,0.0,5.0,0.0,0.0,0.0,0.0,0.0,4.0,0.0,0.0,0.0,3.0,0.0,2.0,0.0,0.0,0.0,Nepal,iD 2.21.1,"#startnetwork,#aphub,#OMGuru,#hotosm-project-15639,#SNRMPNepal","{""highway"": 3, ""waterway"": 2, ""natural"": 2, ""name"": 1, ""surface"": 1, ""ele"": 1, ""source"": 1, ""road_marking"": 1, ""river:waterway_distance"": 1}",{}
67,13888714,https://www.openstreetmap.org/user/Kowsiya27,2023-10-05 00:00:00+00:00,2023-12-11 03:06:46+00:00,Kowsiya27,4.0,45.0,0.0,37.0,0.0,0.0,6.0,2.0,0.0,0.0,0.0,0.0,1.0,0.0,0.0,0.0,1.0,0.0,5.0,0.0,0.0,0.0,Nepal,JOSM/1.5 (18427 en),"#startnetwork,#aphub,#guruaayush,#hotosm-project-15638,#OMGuru,#gurudibikshya,#itechkarnali,#SNRMPNepal","{""waterway"": 5, ""natural"": 1, ""highway"": 1}",{}
68,18638935,https://www.openstreetmap.org/user/Prasannata,2023-10-05 00:00:00+00:00,2023-12-11 03:06:46+00:00,Prasannata,1.0,41.0,309.0,38.0,0.0,0.0,3.0,0.0,0.0,0.0,0.0,0.0,0.0,0.0,0.0,0.0,1.0,0.0,0.0,0.0,0.0,0.0,Nepal,iD 2.21.1,"#startnetwork,#aphub,#OMGuru,#hotosm-project-15639,#SNRMPNepal","{""highway"": 1, ""path"": 1}",{}
69,12114708,https://www.openstreetmap.org/user/David_HDF,2023-10-05 00:00:00+00:00,2023-12-11 03:06:46+00:00,David_HDF,2.0,39.0,154.0,22.0,12.0,0.0,1.0,4.0,0.0,0.0,0.0,0.0,0.0,0.0,0.0,0.0,1.0,4.0,0.0,0.0,0.0,0.0,Nepal,"iD 2.21.1,JOSM/1.5 (18822 en)","#startnetwork,#aphub,#hotosm-project-15638,#OMGuru,#SNRMPNepal","{""highway"": 1}","{""highway"": 4}"
70,20536706,https://www.openstreetmap.org/user/Domino%20Mapper,2023-10-05 00:00:00+00:00,2023-12-11 03:06:46+00:00,Domino Mapper,4.0,30.0,0.0,26.0,1.0,0.0,3.0,0.0,0.0,0.0,0.0,0.0,0.0,1.0,1.0,0.0,0.0,0.0,1.0,0.0,0.0,1.0,Nepal,iD 2.21.1,"#startnetwork,#aphub,#OMGuru,#hotosm-project-15639,#SNRMPNepal","{""building"": 1, ""waterway"": 1, ""landuse"": 1}","{""amenity"": 1, ""name"": 1}"
71,15560007,https://www.openstreetmap.org/user/Tejendra77,2023-10-05 00:00:00+00:00,2023-12-11 03:06:46+00:00,Tejendra77,1.0,29.0,1790.0,27.0,0.0,0.0,2.0,0.0,0.0,0.0,0.0,0.0,1.0,0.0,0.0,0.0,2.0,0.0,0.0,0.0,0.0,0.0,Nepal,iD 2.21.1,"#startnetwork,#aphub,#OMGuru,#hotosm-project-15639,#SNRMPNepal","{""highway"": 2, ""landuse"": 1}",{}
72,19469046,https://www.openstreetmap.org/user/achyutkoirala,2023-10-05 00:00:00+00:00,2023-12-11 03:06:46+00:00,achyutkoirala,1.0,27.0,0.0,25.0,0.0,0.0,1.0,1.0,0.0,0.0,0.0,0.0,0.0,0.0,0.0,0.0,0.0,0.0,1.0,1.0,0.0,0.0,Nepal,iD 2.21.1,"#startnetwork,#aphub,#OMGuru,#hotosm-project-15639,#SNRMPNepal,#bosc","{""waterway"": 1}","{""waterway"": 1}"
73,10612476,https://www.openstreetmap.org/user/UNGSC-Michael%20Montani,2023-10-05 00:00:00+00:00,2023-12-11 03:06:46+00:00,UNGSC-Michael Montani,1.0,23.0,0.0,13.0,8.0,0.0,1.0,1.0,0.0,0.0,0.0,0.0,0.0,0.0,0.0,0.0,1.0,1.0,0.0,0.0,0.0,0.0,Nepal,RapiD 1.1.9-tm.1,"#startnetwork,#hotosm-project-14898,#aphub,#OMGuru,#SNRMPNepal","{""highway"": 1, ""source"": 1}","{""highway"": 1, ""surface"": 1}"
74,20570602,https://www.openstreetmap.org/user/%E0%A4%B8%E0%A4%A8%E0%A5%8D%E0%A4%A6%E0%A5%87%E0%A4%B6%20%E0%A4%B2%E0%A5%8B%E0%A4%B9%E0%A4%A8%E0%A5%80%20%28Sandesh%20Lohani%29,2023-10-05 00:00:00+00:00,2023-12-11 03:06:46+00:00,सन्देश लोहनी (Sandesh Lohani),1.0,19.0,0.0,18.0,0.0,0.0,1.0,0.0,0.0,0.0,0.0,0.0,0.0,0.0,0.0,0.0,1.0,0.0,0.0,0.0,0.0,0.0,Nepal,JOSM/1.5 (18822 en),"#GuruPragya,#SNRMPNepal,#SCS2023,#aphub,#APHub,#OMGuru,#GuruShristi,#hotosm-project-15639,#startnetwork,#bosc","{""highway"": 1}",{}
75,13116976,https://www.openstreetmap.org/user/Bibhuti%20Budhathoki,2023-10-05 00:00:00+00:00,2023-12-11 03:06:46+00:00,Bibhuti Budhathoki,1.0,15.0,0.0,12.0,0.0,0.0,3.0,0.0,0.0,0.0,0.0,0.0,0.0,0.0,3.0,0.0,0.0,0.0,0.0,0.0,0.0,0.0,Nepal,JOSM/1.5 (17580 en),"#startnetwork,#aphub,#OMGuru,#hotosm-project-15639,#SNRMPNepal","{""building"": 3}",{}
76,20577211,https://www.openstreetmap.org/user/kiran981,2023-10-05 00:00:00+00:00,2023-12-11 03:06:46+00:00,kiran981,2.0,10.0,0.0,4.0,0.0,4.0,1.0,0.0,1.0,0.0,0.0,0.0,0.0,0.0,1.0,0.0,0.0,0.0,0.0,0.0,0.0,0.0,Nepal,iD 2.21.1,"#startnetwork,#hotosm-project-14898,#aphub,#OMGuru,#SNRMPNepal","{""building"": 1}",{}
77,20577044,https://www.openstreetmap.org/user/Starrpix,2023-10-05 00:00:00+00:00,2023-12-11 03:06:46+00:00,Starrpix,1.0,7.0,0.0,5.0,0.0,0.0,1.0,1.0,0.0,0.0,0.0,0.0,0.0,0.0,1.0,1.0,0.0,0.0,0.0,0.0,0.0,0.0,Nepal,iD 2.21.1,"#startnetwork,#aphub,#hotosm-project-15638,#OMGuru,#SNRMPNepal","{""building"": 1}","{""building"": 1}"
78,20426300,https://www.openstreetmap.org/user/Sandesh%20Gaire,2023-10-05 00:00:00+00:00,2023-12-11 03:06:46+00:00,Sandesh Gaire,1.0,6.0,0.0,1.0,4.0,0.0,0.0,1.0,0.0,0.0,0.0,0.0,0.0,0.0,0.0,0.0,0.0,1.0,0.0,0.0,0.0,0.0,Nepal,iD 2.21.1,"#startnetwork,#GuruDibikshya,#aphub,#GuruAayush,#hotosm-project-15638,#OMGuru,#SNRMPNepal",{},"{""highway"": 1, ""surface"": 1}"
79,14854690,https://www.openstreetmap.org/user/Lochan%20Pant,2023-10-05 00:00:00+00:00,2023-12-11 03:06:46+00:00,Lochan Pant,1.0,4.0,0.0,0.0,4.0,0.0,0.0,0.0,0.0,0.0,0.0,0.0,0.0,0.0,,,,,,,,,Nepal,JOSM/1.5 (18678 en),"#startnetwork,#hotosm-project-14898,#aphub,#OMGuru,#SNRMPNepal",{},{}
80,8316170,https://www.openstreetmap.org/user/Gaurav%20Parajuli,2023-10-05 00:00:00+00:00,2023-12-11 03:06:46+00:00,Gaurav Parajuli,1.0,4.0,0.0,1.0,0.0,0.0,0.0,3.0,0.0,0.0,0.0,0.0,0.0,0.0,0.0,0.0,0.0,3.0,0.0,0.0,0.0,0.0,Nepal,JOSM/1.5 (18789 en_GB),"#startnetwork,#aphub,#OMGuru,#hotosm-project-15639,#SNRMPNepal",{},"{""highway"": 3, ""ref"": 1, ""surface"": 1}"
81,16857710,https://www.openstreetmap.org/user/Kushal%20Kessi,2023-10-05 00:00:00+00:00,2023-12-11 03:06:46+00:00,Kushal Kessi,1.0,1.0,0.0,0.0,0.0,0.0,0.0,1.0,0.0,0.0,0.0,0.0,0.0,0.0,0.0,1.0,0.0,0.0,0.0,0.0,0.0,0.0,Nepal,iD 2.21.1,"#startnetwork,#aphub,#OMGuru,#hotosm-project-15639,#SNRMPNepal",{},"{""building"": 1, ""building:levels"": 1}"
